Postal code,Value test,City,Geo Location
1002.0,3,Álava,"{""latitude"":42.8528236,""longitude"":-2.65706}"
1004.0,1,Araba,"{""latitude"":42.8444921,""longitude"":-2.6658706}"
1006.0,3,Araba,"{""latitude"":42.8359516,""longitude"":-2.6710249}"
1012.0,1,Gasteiz,"47.5004675,19.0281576"
1013.0,0,Araba,"{""latitude"":42.8613765,""longitude"":-2.6665154}"
1300.0,0,Araba,"{""latitude"":42.55221216,""longitude"":-2.59291027}"
2003.0,-1,Albacete,"{""latitude"":38.9912202,""longitude"":-1.8609573}"
2124.0,0,Alcadozo,"48.4881969,16.4668783"
2270.0,0,Albacete,"{""latitude"":39.3618791,""longitude"":-1.5998022}"
2400.0,1,Albacete,"{""latitude"":38.50416494444254,""longitude"":-1.6977148913096605}"
2600.0,2,Albacete,"{""latitude"":39.2626744,""longitude"":-2.6025305}"
2660.0,1,Albacete,"{""latitude"":38.7047215,""longitude"":-0.9844793}"
3005.0,0,Alicante,"{""latitude"":""38.3541755"",""longitude"":""-0.502951""}"
3006.0,0,Alicante,"{""latitude"":38.3439876,""longitude"":-0.4997999}"
3007.0,0,Alicante,"{""latitude"":38.3407024,""longitude"":-0.4995537}"
3009.0,-1,Alicante,"{""latitude"":38.3685369,""longitude"":-0.4994152}"
3013.0,0,Alicante,"{""latitude"":38.3534824,""longitude"":-0.4775322}"
3015.0,5,Alicante,"{""latitude"":38.3787368,""longitude"":-0.4548067}"
3016.0,-1,Alicante,"{""latitude"":38.3730805,""longitude"":-0.4550272}"
3130.0,4,Alicante,"{""latitude"":38.1906524,""longitude"":-0.5498795}"
3139.0,0,Alicante,"{""latitude"":""38.222119515827195"",""longitude"":""-0.6055583280882396""}"
3170.0,0,Alicante,"{""latitude"":""38.0734452"",""longitude"":""-0.7197639""}"
3181.0,1,Alicante,"{""latitude"":37.982453293924685,""longitude"":-0.6862409899540253}"
3183.0,0,Alicante,"{""latitude"":37.9917582,""longitude"":-0.6772706}"
3184.0,0,Alicante,"{""latitude"":37.9954408,""longitude"":-0.6887728}"
3187.0,0,Alicante,"{""latitude"":38.027821,""longitude"":-0.7402835}"
3195.0,1,Alicante,"{""latitude"":38.2720399,""longitude"":-0.5390709}"
3201.0,6,Alicante,"{""latitude"":38.266736,""longitude"":-0.7010739}"
3202.0,18,Alicante,"{""latitude"":38.27315463803576,""longitude"":-0.6796033850205059}"
3203.0,2,Alicante,"{""latitude"":38.264388090824795,""longitude"":-0.6943840124123558}"
3204.0,2,Alicante,"{""latitude"":38.25978320297158,""longitude"":-0.7084595474057079}"
3205.0,18,Alicante,"{""latitude"":38.2742721,""longitude"":-0.7185809}"
3206.0,1,Alicante,"{""latitude"":38.2738342,""longitude"":-0.706408}"
3292.0,0,Alicante,"{""latitude"":38.229550387959115,""longitude"":-0.628507177053891}"
3293.0,0,Alicante,"{""latitude"":38.2582922,""longitude"":-0.7265382}"
3294.0,4,Alicante,"{""latitude"":38.1988141,""longitude"":-0.6808406}"
3295.0,0,Alicante,"{""latitude"":38.29854,""longitude"":-0.5738106}"
3296.0,0,Alicante,"{""latitude"":""38.2107284876365"",""longitude"":""-0.7358826819368208""}"
3300.0,3,Alicante,"{""latitude"":38.08386648367414,""longitude"":-0.9444539801167467}"
3320.0,-4,Alicante,"{""latitude"":38.303567,""longitude"":-0.5919178}"
3330.0,5,Alicante,"{""latitude"":38.2439762,""longitude"":-0.8119023}"
3340.0,1,Alicante,"{""latitude"":38.1819129,""longitude"":-0.8658333}"
3380.0,0,Alicante,"{""latitude"":38.06384690156788,""longitude"":-0.8949453371760501}"
3390.0,6,Alicante,"{""latitude"":""38.0846698"",""longitude"":""-0.8394016""}"
3400.0,21,Alicante,"{""latitude"":38.64170638898831,""longitude"":-0.8686351801084768}"
3409.0,1,Alicante,"{""latitude"":38.6318476,""longitude"":-0.8667666}"
3410.0,0,Alicante,"{""latitude"":38.62657977086243,""longitude"":-0.7805538717502459}"
3502.0,0,Alicante,"{""latitude"":38.542227,""longitude"":-0.1230484}"
3503.0,-5,Alicante,"{""latitude"":38.5424202,""longitude"":-0.1229884}"
3509.0,1,Alicante,"{""latitude"":38.5399067,""longitude"":-0.1760319}"
3520.0,1,Alicante,"{""latitude"":""38.6224925"",""longitude"":""-0.1315806""}"
3530.0,3,Alicante,"{""latitude"":38.6040838,""longitude"":-0.1293152}"
3540.0,0,Alicante (Alacant),"50.9317296,5.1704278"
3580.0,1,Alicante,"{""latitude"":""38.5781498"",""longitude"":""-0.0813589""}"
3581.0,0,Alicante,"{""latitude"":""38.5751332"",""longitude"":""-0.0674871""}"
3590.0,0,Alicante,"{""latitude"":38.604892,""longitude"":-0.0475485}"
3630.0,2,Alicante,"{""latitude"":38.5379627,""longitude"":-0.8154919}"
3688.0,-1,Alicante,"{""latitude"":38.3075505,""longitude"":-0.8490767}"
3690.0,0,Alicante,"{""latitude"":""38.3984637"",""longitude"":""-0.5248255""}"
3700.0,0,Alicante,"{""latitude"":38.8374792,""longitude"":0.1078478}"
3727.0,-1,Alicante,"{""latitude"":""38.7423718"",""longitude"":""-0.009719""}"
3730.0,3,Alicante,"{""latitude"":38.7894128,""longitude"":0.171208}"
3738.0,1,Alicante,"{""latitude"":38.76940396384798,""longitude"":0.1876522281014715}"
3739.0,0,Alicante,"{""latitude"":38.76572783,""longitude"":0.14531551}"
3750.0,-2,Pedreguer,"{""latitude"":""38.7968125"",""longitude"":""0.0326241""}"
3780.0,8,Alicante,"{""latitude"":38.8405154,""longitude"":-0.1125091}"
3789.0,1,Alicante,"{""latitude"":38.8481196,""longitude"":-0.0949753}"
3803.0,17,Alicante,"{""latitude"":38.702888,""longitude"":-0.4808629}"
3804.0,0,Alicante,"{""latitude"":38.7049289,""longitude"":-0.4736818}"
4003.0,2,Almería,"{""latitude"":36.84658317544205,""longitude"":-2.463992910979191}"
4004.0,9,Almería,"{""latitude"":36.8348617,""longitude"":-2.4602674}"
4005.0,5,Almería,"{""latitude"":36.841819630406256,""longitude"":-2.4550408862715933}"
4007.0,0,Almería,"{""latitude"":36.832231534556655,""longitude"":-2.4464008871474174}"
4008.0,0,Almería,"{""latitude"":""36.851764659414386"",""longitude"":""-2.457749606405449""}"
4009.0,1,Almería,"{""latitude"":36.8556807,""longitude"":-2.4445365}"
4120.0,0,Almería,"{""latitude"":""36.8404904"",""longitude"":""-2.406225""}"
4130.0,1,Almería,"{""latitude"":""36.8537963"",""longitude"":""-2.3559731""}"
4230.0,0,Almería,"{""latitude"":""36.87065063123088"",""longitude"":""-2.4400252541994107""}"
4600.0,12,Almería,"{""latitude"":37.3961062,""longitude"":-1.941356}"
4630.0,2,Almería,"{""latitude"":""37.17411373188033"",""longitude"":""-1.822873334616797""}"
4660.0,0,Almería,"{""latitude"":37.34409131749962,""longitude"":-2.0874333104643203}"
4700.0,1,Almería,"{""latitude"":36.772986725604056,""longitude"":-2.812932354267844}"
4720.0,2,Almería,"{""latitude"":36.802749,""longitude"":-2.599645}"
4721.0,0,Almería,"{""latitude"":36.8027098,""longitude"":-2.5997001}"
4738.0,0,Almería,"{""latitude"":""36.79274"",""longitude"":""-2.67975""}"
4740.0,0,Almería,"{""latitude"":36.7342103,""longitude"":-2.6210791}"
4741.0,1,Almería,"{""latitude"":36.757780859981615,""longitude"":-2.651390734548545}"
4745.0,1,Almería,"{""latitude"":36.7544383,""longitude"":-2.6842113}"
4746.0,1,Almería,"{""latitude"":""36.8006268"",""longitude"":""-2.6925061""}"
4760.0,4,Berja,"50.4037582,6.298376"
4800.0,5,Almería,"{""latitude"":37.3857834,""longitude"":-2.1475861}"
4815.0,0,Almería,"{""latitude"":37.35150701345936,""longitude"":-2.159166824034834}"
4860.0,3,Almería,"{""latitude"":37.35851190830295,""longitude"":-2.29955662745533}"
5001.0,0,Ávila,"{""latitude"":40.65524154058542,""longitude"":-4.688686058871473}"
5004.0,-1,Ávila,"{""latitude"":40.664034,""longitude"":-4.6672584}"
5200.0,0,Ávila,"{""latitude"":41.0570987,""longitude"":-4.719847}"
6003.0,4,Badajoz,"{""latitude"":38.87081476786015,""longitude"":-6.969099796749102}"
6005.0,0,Badajoz,"{""latitude"":38.8744854,""longitude"":-6.9791597}"
6006.0,0,Badajoz,"{""latitude"":38.8875714,""longitude"":-6.9848437}"
6010.0,-2,Badajoz,"{""latitude"":38.8674282,""longitude"":-6.9779047}"
6011.0,4,Badajoz,"{""latitude"":38.86707,""longitude"":-6.9917128}"
6100.0,10,Badajoz,"{""latitude"":38.6807629,""longitude"":-7.0992023}"
6160.0,0,Badajoz,"{""latitude"":""38.51697"",""longitude"":""-6.849""}"
6200.0,-1,Badajoz,"{""latitude"":38.682076,""longitude"":-6.4063669}"
6225.0,1,Badajoz,"{""latitude"":38.5476164,""longitude"":-6.2357807}"
6300.0,3,Badajoz,"{""latitude"":38.4202845,""longitude"":-6.4152698}"
6310.0,-2,Badajoz,"{""latitude"":38.39678923443821,""longitude"":-6.401846032715044}"
6360.0,2,Badajoz,"{""latitude"":38.5284278,""longitude"":-6.4430048}"
6400.0,0,Badajoz,"{""latitude"":38.9579087,""longitude"":-5.8712635}"
6430.0,1,Zalamea De La Serena,"{""latitude"":38.6512999,""longitude"":-5.6544715}"
6450.0,0,Badajoz,"{""latitude"":""38.744636579357255"",""longitude"":""-5.6778496626458566""}"
6480.0,1,Badajoz,"{""latitude"":38.90677723212868,""longitude"":-6.610273598222026}"
6500.0,1,Badajoz,"{""latitude"":""39.3634117"",""longitude"":""-7.1363786""}"
6510.0,0,Badajoz,"{""latitude"":39.220217,""longitude"":-6.9978242}"
6700.0,0,Badajoz,"{""latitude"":""38.9957283"",""longitude"":""-5.7915096""}"
6800.0,11,Badajoz,"{""latitude"":38.9211208,""longitude"":-6.3331968}"
6850.0,1,Badajoz,"{""latitude"":38.8542826,""longitude"":-6.4554533}"
6900.0,1,Badajoz,"{""latitude"":38.240920137986926,""longitude"":-6.018734952984442}"
7006.0,0,Illes Balears,"{""latitude"":39.5693298,""longitude"":2.6611082}"
7007.0,1,Illes Balears,"{""latitude"":39.558246,""longitude"":2.6817877}"
7010.0,0,Illes Balears,"{""latitude"":""39.58878134626507"",""longitude"":""2.650540148887485""}"
7011.0,0,Illes Balears,"{""latitude"":39.583049,""longitude"":2.6373476}"
7013.0,1,Illes Balears,"{""latitude"":39.5779069,""longitude"":2.6340809}"
7141.0,3,Illes Balears,"{""latitude"":""39.6286371"",""longitude"":""2.7328526""}"
7144.0,0,Illes Balears,"{""latitude"":39.6566201,""longitude"":2.9494386}"
7193.0,0,Illes Balears,"{""latitude"":39.663513814723586,""longitude"":2.66851675210241}"
7200.0,-4,Illes Balears,"{""latitude"":39.46950913358252,""longitude"":3.15556775709724}"
7260.0,0,Illes Balears,"{""latitude"":""39.5131119"",""longitude"":""3.0242554""}"
7300.0,7,Illes Balears,"{""latitude"":39.7188172,""longitude"":2.906039}"
7330.0,2,Illes Balears,"{""latitude"":39.668518225464084,""longitude"":2.8112525426736195}"
7400.0,2,Illes Balears,"{""latitude"":39.8261481,""longitude"":3.1158015}"
7460.0,1,Illes Balears,"{""latitude"":39.8762447,""longitude"":3.0178365}"
7500.0,16,Illes Balears,"{""latitude"":39.5742409,""longitude"":3.2125284}"
7590.0,5,Illes Balears,"{""latitude"":39.7090653,""longitude"":3.4565565}"
7600.0,0,Illes Balears,"{""latitude"":39.501132598101734,""longitude"":2.7589151793101463}"
7620.0,2,Illes Balears,"{""latitude"":39.4907784,""longitude"":2.8833768}"
7630.0,5,Campos,"46.0717512,18.2717155"
7650.0,6,Illes Balears,"{""latitude"":39.3593345,""longitude"":3.1307042}"
7680.0,1,Illes Balears,"{""latitude"":39.5445687,""longitude"":3.3376935}"
7710.0,0,Illes Balears,"{""latitude"":39.8520297255576,""longitude"":4.259654582192457}"
7730.0,2,Illes Balears,"{""latitude"":39.93168271622113,""longitude"":4.136148947649694}"
7740.0,1,Illes Balears,"{""latitude"":39.9899973,""longitude"":4.0951429}"
7749.0,0,Illes Balears,"{""latitude"":39.9436211,""longitude"":4.0485035}"
7760.0,5,Illes Balears,"{""latitude"":39.996079759640104,""longitude"":3.8322301028022836}"
7800.0,0,Illes Balears,"{""latitude"":38.9063782,""longitude"":1.4236043}"
7816.0,0,Illes Balears,"{""latitude"":38.93688607,""longitude"":1.40893523}"
7817.0,9,Illes Balears,"{""latitude"":38.8935521,""longitude"":1.3981904}"
8001.0,1,Barcelona,"{""latitude"":41.38087,""longitude"":2.1678492}"
8002.0,0,Barcelona,"{""latitude"":41.3851202,""longitude"":2.1720199}"
8003.0,0,Barcelona,"{""latitude"":41.3865752,""longitude"":2.1802352}"
8005.0,0,Barcelona,"{""latitude"":41.4026984,""longitude"":2.2065627}"
8008.0,0,Barcelona,"{""latitude"":""41.39084"",""longitude"":""2.16024""}"
8011.0,1,Barcelona,"{""latitude"":41.3840534,""longitude"":2.1581896}"
8012.0,1,Barcelona,"{""latitude"":41.4027714,""longitude"":2.1597773}"
8013.0,3,Barcelona,"{""latitude"":41.397,""longitude"":2.1751832}"
8014.0,-1,Barcelona,"{""latitude"":41.37187764999516,""longitude"":2.138179078427135}"
8015.0,0,Barcelona,"{""latitude"":41.38402831138371,""longitude"":2.1563581182006524}"
8017.0,-1,Barcelona,"{""latitude"":41.399904154728894,""longitude"":2.1234868782447163}"
8018.0,0,Barcelona,"{""latitude"":41.406830678796275,""longitude"":2.188607721061294}"
8020.0,0,Barcelona,"{""latitude"":41.4193996,""longitude"":2.1992738}"
8021.0,7,Barcelona,"{""latitude"":41.4013732,""longitude"":2.1385752}"
8022.0,-2,Barcelona,"{""latitude"":41.4040063,""longitude"":2.1340446}"
8023.0,1,Barcelona,"{""latitude"":41.4206508,""longitude"":2.1407737}"
8024.0,1,Barcelona,"{""latitude"":41.409098326370874,""longitude"":2.155316165182696}"
8025.0,0,Barcelona,"{""latitude"":41.40565872120586,""longitude"":2.171443958723803}"
8026.0,-1,Barcelona,"{""latitude"":41.4122629,""longitude"":2.19081}"
8027.0,16,Barcelona,"{""latitude"":41.4204844,""longitude"":2.1900681}"
8028.0,-2,Barcelona,"{""latitude"":41.3712538,""longitude"":2.1288763}"
8029.0,4,Barcelona,"49.6169832,6.0765811"
8030.0,5,Barcelona,"{""latitude"":41.4394771,""longitude"":2.1920867}"
8031.0,0,Barcelona,"52.5267399,6.08395"
8032.0,0,Barcelona,"{""latitude"":41.427928597440804,""longitude"":2.1588424120972993}"
8041.0,1,Barcelona,"{""latitude"":41.4192646,""longitude"":2.1774951}"
8100.0,5,Barcelona,"{""latitude"":41.5351755,""longitude"":2.2093062}"
8110.0,0,Barcelona,"{""latitude"":41.4718603,""longitude"":2.1849529}"
8130.0,-2,Barcelona,"{""latitude"":41.520875132718736,""longitude"":2.1840091608612213}"
8140.0,20,Barcelona,"{""latitude"":41.6299033,""longitude"":2.1661069}"
8160.0,0,Barcelona,"{""latitude"":41.553465,""longitude"":2.2521161}"
8172.0,0,Barcelona,"{""latitude"":""41.4735285"",""longitude"":""2.0804583""}"
8173.0,2,Barcelona,"{""latitude"":41.4689855,""longitude"":2.0747451}"
8174.0,0,Barcelona,"{""latitude"":41.512959296602794,""longitude"":2.0592353495700686}"
8180.0,0,Barcelona,"{""latitude"":""41.7923581"",""longitude"":""2.0527637""}"
8184.0,4,Barcelona,"{""latitude"":41.5855192,""longitude"":2.1769781}"
8186.0,2,Barcelona,"{""latitude"":41.6048763,""longitude"":2.2403528}"
8191.0,1,Barcelona,"{""latitude"":41.4842132,""longitude"":2.031127}"
8197.0,0,Barcelona,"{""latitude"":""41.4616179"",""longitude"":""2.0548484""}"
8202.0,6,Barcelona,"{""latitude"":41.5476785,""longitude"":2.1280985}"
8205.0,0,Barcelona,"{""latitude"":41.528478058407636,""longitude"":2.1029449609351816}"
8206.0,0,Barcelona,"{""latitude"":41.56041791421755,""longitude"":2.096849311569826}"
8208.0,3,Barcelona,"{""latitude"":41.5536284,""longitude"":2.1065575}"
8210.0,0,Barcelona,"{""latitude"":41.51585387999998,""longitude"":2.113675829999999}"
8211.0,1,Barcelona,"{""latitude"":41.6139453,""longitude"":2.0888633}"
8213.0,6,Barcelona,"{""latitude"":41.5541662,""longitude"":2.1568431}"
8214.0,0,Barcelona,"{""latitude"":41.5080575,""longitude"":2.1190403}"
8224.0,0,Barcelona,"{""latitude"":41.56229191289666,""longitude"":2.0022097488508326}"
8226.0,1,Barcelona,"{""latitude"":41.5797301,""longitude"":2.0212557}"
8227.0,-2,Barcelona,"{""latitude"":41.5664872,""longitude"":2.042003}"
8228.0,-2,Barcelona,"{""latitude"":41.5280434,""longitude"":2.0371142}"
8230.0,-1,Barcelona,"{""latitude"":""41.598577"",""longitude"":""2.025589""}"
8233.0,4,Barcelona,"{""latitude"":41.5963546,""longitude"":1.9175724}"
8241.0,0,Barcelona,"46.9318238,17.8328888"
8243.0,1,Barcelona,"{""latitude"":""41.7262858"",""longitude"":""1.8460343""}"
8272.0,0,Barcelona,"{""latitude"":41.75208206825622,""longitude"":1.8739577196376058}"
8291.0,0,Vallès Occidental,"47.0179418,17.6882715"
8296.0,1,Barcelona,"{""latitude"":41.6296531,""longitude"":1.8623592}"
8301.0,-3,Barcelona,"{""latitude"":41.5398831,""longitude"":2.4521251}"
8302.0,2,Barcelona,"{""latitude"":41.533212916424944,""longitude"":2.4377016381750756}"
8303.0,2,Barcelona,"{""latitude"":41.5379788,""longitude"":2.426997}"
8304.0,0,Barcelona,"{""latitude"":41.5439963,""longitude"":2.4348082}"
8319.0,0,Barcelona,"{""latitude"":41.597035608171325,""longitude"":2.409506413371114}"
8320.0,0,Barcelona,"{""latitude"":41.4824805,""longitude"":2.3262324}"
8330.0,0,Barcelona,"{""latitude"":41.4923613,""longitude"":2.3554188}"
8350.0,-1,Barcelona,"{""latitude"":""41.5941839"",""longitude"":""2.5640869""}"
8370.0,-1,Barcelona,"{""latitude"":41.6159229,""longitude"":2.6635098}"
8389.0,0,Barcelona,"{""latitude"":41.66597178609769,""longitude"":2.7367146667755575}"
8392.0,1,Barcelona,"{""latitude"":41.5732184,""longitude"":2.4832679}"
8397.0,3,Barcelona,"{""latitude"":41.6223254,""longitude"":2.6699204}"
8398.0,1,Barcelona,"{""latitude"":41.6372421,""longitude"":2.7185935}"
8410.0,-1,Barcelona,"{""latitude"":""41.5525268"",""longitude"":""2.2864519""}"
8420.0,4,Barcelona,"{""latitude"":41.6198912,""longitude"":2.2798174}"
8440.0,8,Barcelona,"{""latitude"":41.6396666,""longitude"":2.3650048}"
8445.0,0,Barcelona,"{""latitude"":""41.6905141"",""longitude"":""2.3613959""}"
8460.0,8,Barcelona,"{""latitude"":41.6931063,""longitude"":2.4437055}"
8490.0,2,Barcelona,"{""latitude"":41.7055462,""longitude"":2.6753846}"
8500.0,0,Barcelona,"{""latitude"":41.9299018,""longitude"":2.2653639}"
8520.0,100,Barcelona,"{""latitude"":41.6276264,""longitude"":2.2947037}"
8530.0,0,Barcelona,"{""latitude"":""41.69133405559552"",""longitude"":""2.286584708151246""}"
8553.0,-1,Barcelona,"{""latitude"":41.837685,""longitude"":2.2807746}"
8620.0,3,Barcelona,"{""latitude"":41.3889293,""longitude"":2.0091105}"
8629.0,10,Barcelona,"{""latitude"":41.35595103087283,""longitude"":1.9811969173543116}"
8635.0,0,Barcelona,"{""latitude"":41.49529836817165,""longitude"":1.8437322566675214}"
8640.0,1,Barcelona,"{""latitude"":41.5437756,""longitude"":1.8898142}"
8700.0,7,Barcelona,"{""latitude"":41.5812026,""longitude"":1.6185998}"
8711.0,3,Barcelona,"{""latitude"":""41.6034063"",""longitude"":""1.6205686""}"
8720.0,16,Barcelona,"{""latitude"":41.3459753,""longitude"":1.7024279}"
8740.0,2,Barcelona,"{""latitude"":41.4470644,""longitude"":1.9672826}"
8750.0,4,Barcelona,"{""latitude"":41.4098176,""longitude"":2.0200655}"
8754.0,0,Barcelona,"{""latitude"":41.4566392,""longitude"":2.005623}"
8757.0,11,Barcelona,"{""latitude"":41.4182708,""longitude"":1.9247873}"
8769.0,1,Barcelona,"{""latitude"":""41.4585099"",""longitude"":""1.94099""}"
8770.0,7,Barcelona,"{""latitude"":41.4257673,""longitude"":1.7812672}"
8781.0,5,Barcelona,"{""latitude"":41.53560330919075,""longitude"":1.7713793068427}"
8783.0,1,Barcelona,"{""latitude"":41.5027147968936,""longitude"":1.8133956130538125}"
8786.0,10,Barcelona,"{""latitude"":41.5292191,""longitude"":1.6835492}"
8790.0,-4,Barcelona,"{""latitude"":41.4430338,""longitude"":1.866221}"
8791.0,1,Barcelona,"{""latitude"":41.4659325,""longitude"":1.8233046}"
8795.0,2,Barcelona,"{""latitude"":41.34667510824426,""longitude"":1.8469262219423381}"
8800.0,10,Barcelona,"{""latitude"":41.2219268,""longitude"":1.7141358}"
8810.0,13,Barcelona,"{""latitude"":41.2588825,""longitude"":1.7758557}"
8811.0,18,Barcelona,"{""latitude"":41.283454478009894,""longitude"":1.722063024781457}"
8812.0,0,Barcelona,"{""latitude"":41.2395599,""longitude"":1.7688935}"
8820.0,0,Barcelona,"{""latitude"":""41.3245566"",""longitude"":""2.0933712""}"
8830.0,1,Barcelona,"{""latitude"":41.339143,""longitude"":2.0423352}"
8840.0,1,Barcelona,"{""latitude"":41.3189185,""longitude"":2.0074367}"
8850.0,3,Barcelona,"{""latitude"":41.3053166,""longitude"":1.9908789}"
8859.0,0,Barcelona,"{""latitude"":41.3427342,""longitude"":1.9525213}"
8860.0,2,Barcelona,"{""latitude"":41.2811353,""longitude"":1.9792555}"
8870.0,4,Barcelona,"{""latitude"":41.2493928,""longitude"":1.8089844}"
8901.0,0,Barcelona,"{""latitude"":41.3625357,""longitude"":2.1068781}"
8902.0,0,Barcelona,"{""latitude"":41.3607177,""longitude"":2.1292237}"
8903.0,0,Barcelona,"{""latitude"":""41.371128"",""longitude"":""2.1269815""}"
8904.0,-2,Barcelona,"{""latitude"":41.37121636951994,""longitude"":2.116634468720378}"
8907.0,1,Barcelona,"{""latitude"":41.3504629,""longitude"":2.1134675}"
8912.0,0,Barcelona,"{""latitude"":41.447811203249614,""longitude"":2.2434177347742033}"
8914.0,6,Barcelona,"{""latitude"":41.4418879,""longitude"":2.22079}"
8921.0,0,Santa Coloma de Gramenet,"46.8876131,16.9002894"
8922.0,0,Barcelona,"{""latitude"":41.44924779760037,""longitude"":2.209101805547185}"
8924.0,-1,Barcelona,"{""latitude"":41.4574744,""longitude"":2.2038611}"
8930.0,-2,Barcelona,"{""latitude"":41.42680639129448,""longitude"":2.2301506650610823}"
8940.0,-3,Barcelona,"{""latitude"":41.3606924,""longitude"":2.0834613}"
8950.0,1,Barcelona,"{""latitude"":41.3723116,""longitude"":2.0854862}"
8960.0,0,Barcelona,"{""latitude"":""41.38541787049269"",""longitude"":""2.0737096946057534""}"
8970.0,0,Barcelona,"{""latitude"":41.3772403,""longitude"":2.0584371}"
8980.0,-4,Barcelona,"{""latitude"":41.3860326,""longitude"":2.0513029}"
9006.0,1,Burgos,"{""latitude"":42.3652406,""longitude"":-3.6630502}"
9007.0,-1,Burgos,"{""latitude"":42.3555923,""longitude"":-3.6641137}"
9400.0,-1,Aranda de Duero,"{""latitude"":""41.668008"",""longitude"":""-3.6894135""}"
9500.0,1,Burgos,"{""latitude"":42.9294279,""longitude"":-3.4824992}"
9550.0,0,Burgos,"{""latitude"":""42.937519"",""longitude"":""-3.5749046""}"
10001.0,-1,Cáceres,"{""latitude"":39.4742844,""longitude"":-6.3901544}"
10002.0,0,Cáceres,"{""latitude"":39.4666642,""longitude"":-6.3742943}"
10004.0,0,Cáceres,"{""latitude"":39.490261,""longitude"":-6.3647326}"
10005.0,21,Cáceres,"{""latitude"":39.4623986,""longitude"":-6.3781791}"
10300.0,1,Cáceres,"{""latitude"":39.8914301,""longitude"":-5.5477398}"
10400.0,5,Cáceres,"{""latitude"":40.0573659,""longitude"":-5.75515}"
10600.0,0,Cáceres,"{""latitude"":40.0386041,""longitude"":-6.0921772}"
10800.0,6,Cáceres,"{""latitude"":39.9850773,""longitude"":-6.5369663}"
10840.0,1,Cáceres,"{""latitude"":40.0704045,""longitude"":-6.6572136}"
11001.0,0,Cádiz,"{""latitude"":36.53160894806903,""longitude"":-6.298357806537517}"
11004.0,0,Cádiz,"{""latitude"":36.5361266,""longitude"":-6.2928346}"
11008.0,1,Cádiz,"{""latitude"":36.5188328,""longitude"":-6.2814627}"
11100.0,2,Cádiz,"{""latitude"":36.4681163,""longitude"":-6.1710851}"
11130.0,20,Cádiz,"{""latitude"":36.4407557,""longitude"":-6.1426122}"
11139.0,0,Cádiz,"{""latitude"":""36.37624359000055"",""longitude"":""-6.160557740000201""}"
11140.0,1,Conil de la Frontera,"42.7465189,2.2202163"
11150.0,5,Cádiz,"{""latitude"":36.2495823,""longitude"":-5.9681353}"
11160.0,-1,Cádiz,"{""latitude"":36.1951403,""longitude"":-5.9189636}"
11203.0,3,Cádiz,"{""latitude"":36.13596378022705,""longitude"":-5.458333921941917}"
11204.0,7,Cádiz,"{""latitude"":36.1385281,""longitude"":-5.4562754}"
11206.0,0,Cádiz,"{""latitude"":36.1259403,""longitude"":-5.4510811}"
11300.0,1,Cádiz,"{""latitude"":36.1779783,""longitude"":-5.3491492}"
11310.0,0,Cádiz,"{""latitude"":36.2909772,""longitude"":-5.3006126}"
11311.0,0,Cádiz,"{""latitude"":36.290857,""longitude"":-5.3004154}"
11360.0,-1,Cádiz,"{""latitude"":36.2938986,""longitude"":-5.3003115}"
11370.0,0,Cádiz,"{""latitude"":36.1868459,""longitude"":-5.4900456}"
11402.0,0,Cádiz,"{""latitude"":""36.6888425"",""longitude"":""-6.1349243""}"
11405.0,-4,Cádiz,"{""latitude"":36.6916888,""longitude"":-6.1127595}"
11406.0,1,Cádiz,"{""latitude"":36.6835325,""longitude"":-6.0989244}"
11407.0,4,Cádiz,"{""latitude"":36.7062639,""longitude"":-6.1241438}"
11408.0,6,Cádiz,"{""latitude"":36.6678245127392,""longitude"":-6.139274502895221}"
11500.0,-3,Cádiz,"{""latitude"":36.61155195495863,""longitude"":-6.280699266489014}"
11510.0,2,Cádiz,"{""latitude"":36.52659881136654,""longitude"":-6.191760331311449}"
11519.0,2,Cádiz,"{""latitude"":36.5221952,""longitude"":-6.2273077}"
11520.0,0,Rota,"19.4417277,-99.1900193"
11540.0,1,Cádiz,"{""latitude"":36.7797703,""longitude"":-6.3608566}"
11630.0,0,Cádiz,"{""latitude"":36.75779406862541,""longitude"":-5.8130469336912975}"
11650.0,1,Cádiz,"{""latitude"":36.8623939,""longitude"":-5.646811}"
11680.0,-2,Cádiz,"{""latitude"":36.8809457,""longitude"":-5.402503}"
12003.0,0,Castelló,"{""latitude"":39.9902037,""longitude"":-0.0310307}"
12004.0,7,Castelló,"{""latitude"":39.993259,""longitude"":-0.0354241}"
12005.0,2,Castelló,"{""latitude"":39.9788698,""longitude"":-0.0386738}"
12006.0,6,Castelló,"{""latitude"":39.9908978019364,""longitude"":-0.06101950621921028}"
12110.0,50,Castelló,"{""latitude"":40.0765046,""longitude"":-0.2146006}"
12190.0,0,Castelló,"{""latitude"":40.015471258589756,""longitude"":-0.12135369325756704}"
12200.0,4,Castelló,"{""latitude"":39.967228331235404,""longitude"":-0.2574538459861124}"
12420.0,0,Castellón,"{""latitude"":""40.0186876"",""longitude"":""-0.6983433""}"
12428.0,0,Castelló,"{""latitude"":40.0587757,""longitude"":-0.6471003}"
12460.0,1,Castellón,"{""latitude"":""39.9235217"",""longitude"":""-0.5978241""}"
12500.0,5,Castelló,"{""latitude"":40.4739517,""longitude"":0.4759103}"
12539.0,11,Castelló,"{""latitude"":39.8944086,""longitude"":-0.1098629}"
12540.0,4,Castelló,"{""latitude"":39.9432662,""longitude"":-0.0939928}"
12550.0,4,Castelló,"{""latitude"":39.9467706,""longitude"":-0.0632283}"
12560.0,0,Castelló,"{""latitude"":40.050410816339124,""longitude"":0.06745572465353664}"
12580.0,3,Castelló,"{""latitude"":40.40952257746171,""longitude"":0.42375019748929904}"
12590.0,-1,Castelló,"{""latitude"":39.7539595,""longitude"":-0.2209055}"
12594.0,-6,Castelló,"{""latitude"":40.0925139323329,""longitude"":0.13859932835741515}"
12598.0,0,Castelló,"{""latitude"":40.3632415,""longitude"":0.3958387}"
12600.0,-4,Castelló,"{""latitude"":39.8212211,""longitude"":-0.2257458}"
13001.0,0,Ciudad Real,"{""latitude"":38.980935,""longitude"":-3.9271279}"
13003.0,2,Ciudad Real,"{""latitude"":38.9861862,""longitude"":-3.9258538}"
13004.0,1,Ciudad Real,"{""latitude"":38.9804784,""longitude"":-3.9302354}"
13005.0,0,Ciudad Real,"{""latitude"":38.9751598,""longitude"":-3.9277084}"
13100.0,1,Ciudad Real,"{""latitude"":39.0352091,""longitude"":-4.1753387}"
13170.0,1,Ciudad Real,"{""latitude"":38.9689092448347,""longitude"":-3.8969695481716684}"
13195.0,0,Ciudad Real,"{""latitude"":38.9382977,""longitude"":-3.9770183}"
13200.0,0,Ciudad Real,"{""latitude"":38.9951639,""longitude"":-3.3661315}"
13240.0,1,Ciudad Real,"{""latitude"":38.9378595,""longitude"":-3.2380939}"
13250.0,15,Ciudad Real,"{""latitude"":39.0684636,""longitude"":-3.6111952}"
13260.0,0,Ciudad Real,"{""latitude"":38.9030812,""longitude"":-3.6681649}"
13270.0,2,Ciudad Real,"{""latitude"":38.8907608,""longitude"":-3.7154283}"
13300.0,5,Ciudad Real,"{""latitude"":38.7684026,""longitude"":-3.3799934}"
13320.0,2,Ciudad Real,"{""latitude"":38.7369145,""longitude"":-3.0186353}"
13370.0,1,Ciudad Real,"{""latitude"":38.7032486,""longitude"":-3.7750508}"
13380.0,0,Ciudad Real,"{""latitude"":38.7690579,""longitude"":-3.85767716}"
13400.0,2,Ciudad Real,"{""latitude"":38.7783039,""longitude"":-4.8305157}"
13500.0,7,Ciudad Real,"{""latitude"":38.6905955,""longitude"":-4.1108811}"
13580.0,1,Ciudad Real,"{""latitude"":38.7107138,""longitude"":-4.1761747}"
13600.0,1,Ciudad Real,"{""latitude"":39.3880138,""longitude"":-3.2135941}"
13620.0,2,Ciudad Real,"{""latitude"":39.3917046,""longitude"":-2.947949}"
13640.0,0,Ciudad Real,"{""latitude"":39.3681362,""longitude"":-3.3563675}"
13650.0,0,Ciudad Real,"{""latitude"":39.3232127,""longitude"":-3.4823656}"
13670.0,5,Villarrubia de los Ojos,"{""latitude"":39.223033,""longitude"":-3.6048725}"
13700.0,1,Ciudad Real,"{""latitude"":39.1484054,""longitude"":-3.0436929}"
13770.0,0,Ciudad Real,"{""latitude"":38.5227972,""longitude"":-3.5605516}"
14001.0,5,Córdoba,"{""latitude"":37.8930134,""longitude"":-4.7708237}"
14004.0,11,Córdoba,"{""latitude"":37.874891,""longitude"":-4.79795}"
14005.0,13,Córdoba,"{""latitude"":37.8774197,""longitude"":-4.7978474}"
14006.0,0,Córdoba,"{""latitude"":37.8973119,""longitude"":-4.7804284}"
14007.0,7,Córdoba,"{""latitude"":37.8919352,""longitude"":-4.7624687}"
14009.0,4,Córdoba,"{""latitude"":37.86919,""longitude"":-4.7783744}"
14010.0,0,Córdoba,"{""latitude"":37.8805185,""longitude"":-4.766055}"
14011.0,-1,Córdoba,"{""latitude"":37.893585,""longitude"":-4.7970555}"
14012.0,6,Córdoba,"{""latitude"":37.9085697,""longitude"":-4.8028807}"
14013.0,4,Córdoba,"{""latitude"":37.8462866,""longitude"":-4.8000714}"
14029.0,28,Córdoba,"{""latitude"":37.84856303,""longitude"":-4.8065858}"
14130.0,0,Córdoba,"{""latitude"":""37.7575822"",""longitude"":""-4.9427518""}"
14200.0,4,Córdoba,"{""latitude"":38.3049232,""longitude"":-5.2761047}"
14400.0,0,Córdoba,"{""latitude"":38.3778292,""longitude"":-4.8460401}"
14520.0,10,Córdoba,"{""latitude"":37.66695195510249,""longitude"":-4.7245352681109365}"
14540.0,2,Córdoba,"{""latitude"":37.6079892,""longitude"":-4.7391794}"
14548.0,12,Córdoba,"{""latitude"":37.5808555861002,""longitude"":-4.748293076577014}"
14550.0,5,Córdoba,"{""latitude"":37.5832957,""longitude"":-4.6387857}"
14600.0,-1,Córdoba,"{""latitude"":38.0164711,""longitude"":-4.3792317}"
14610.0,0,Córdoba,"{""latitude"":37.9155136,""longitude"":-4.7000794}"
14700.0,8,Córdoba,"{""latitude"":37.6961994,""longitude"":-5.2790155}"
14710.0,3,Córdoba,"{""latitude"":37.8496137,""longitude"":-4.914087}"
14711.0,0,Córdoba,"{""latitude"":37.8496156,""longitude"":-4.9140732}"
14800.0,41,Córdoba,"{""latitude"":37.4388328,""longitude"":-4.2028723}"
14830.0,1,Córdoba,"{""latitude"":37.6730079,""longitude"":-4.5571235}"
14850.0,10,Córdoba,"{""latitude"":37.6187069,""longitude"":-4.320621}"
14900.0,0,Córdoba,"{""latitude"":37.4116455,""longitude"":-4.4861823}"
14910.0,18,Córdoba,"{""latitude"":37.266132883852585,""longitude"":-4.536695509474214}"
14920.0,1,Córdoba,"{""latitude"":37.5200199,""longitude"":-4.6568103}"
15002.0,-2,A Coruña,"{""latitude"":43.37943361062512,""longitude"":-8.403819006532522}"
15003.0,-4,A Coruña,"{""latitude"":43.37018657634316,""longitude"":-8.405293140961884}"
15006.0,0,La Coruña,"{""latitude"":43.3537568,""longitude"":-8.3962362}"
15007.0,-1,La Coruña,"{""latitude"":43.3567552,""longitude"":-8.4133389}"
15008.0,0,A Coruña,"{""latitude"":43.3553265,""longitude"":-8.4185937}"
15009.0,-1,A Coruña,"{""latitude"":43.3497543,""longitude"":-8.3961698}"
15010.0,1,A Coruña,"{""latitude"":43.3612618,""longitude"":-8.417909}"
15011.0,0,A Coruña,"{""latitude"":43.3637759,""longitude"":-8.4433881}"
15102.0,0,A Coruña,"{""latitude"":43.2082473,""longitude"":-8.6887532}"
15110.0,0,A Coruña,"{""latitude"":43.2424219,""longitude"":-8.9005646}"
15160.0,0,La Coruña,"{""latitude"":43.3470265,""longitude"":-8.2479197}"
15165.0,0,La Coruña,"{""latitude"":43.3062312,""longitude"":-8.2326741}"
15168.0,1,A Coruña,"{""latitude"":43.34662547156549,""longitude"":-8.306640383852187}"
15172.0,1,La Coruña,"{""latitude"":43.3327252,""longitude"":-8.3719145}"
15200.0,0,Noia,"{""latitude"":""42.78627572886698"",""longitude"":""-8.885989701468041""}"
15220.0,-1,A Coruña,"{""latitude"":42.8575101,""longitude"":-8.6484984}"
15300.0,0,A Coruña,"{""latitude"":43.2800636,""longitude"":-8.2115196}"
15310.0,0,A Coruña,"{""latitude"":43.1224892,""longitude"":-8.1471904}"
15318.0,2,A Coruña,"{""latitude"":43.2470641,""longitude"":-8.2419385}"
15319.0,0,A Coruña,"{""latitude"":43.2837321,""longitude"":-8.2079381}"
15403.0,0,Ferrol,"43.4864418,-8.225666"
15404.0,3,A Coruña,"{""latitude"":43.49470965450565,""longitude"":-8.207333660025691}"
15594.0,-4,A Coruña,"{""latitude"":43.5147145,""longitude"":-8.289555}"
15659.0,0,Cambre,"{""latitude"":43.2816416,""longitude"":-8.3275785}"
15669.0,0,La Coruña,"{""latitude"":43.2870196,""longitude"":-8.3322871}"
15670.0,1,A Coruña,"{""latitude"":43.3186379,""longitude"":-8.367096}"
15702.0,0,A Coruña,"{""latitude"":42.8647138,""longitude"":-8.5428911}"
15705.0,0,A Coruña,"{""latitude"":42.8834043,""longitude"":-8.5485683}"
15840.0,0,La Coruña,"{""latitude"":43.03153233626094,""longitude"":-8.800243824566229}"
16002.0,1,Cuenca,"{""latitude"":40.0758361,""longitude"":-2.1378028}"
16003.0,2,Cuenca,"{""latitude"":40.0678369,""longitude"":-2.1384668}"
16004.0,2,Cuenca,"{""latitude"":40.0699291,""longitude"":-2.1353094}"
16235.0,7,Cuenca,"{""latitude"":39.4409685,""longitude"":-1.744257}"
16240.0,0,Cuenca,"{""latitude"":39.5002735,""longitude"":-1.8978656}"
17200.0,2,Girona,"{""latitude"":41.91508894,""longitude"":3.16955909}"
17300.0,1,Girona,"{""latitude"":41.6789203,""longitude"":2.7729764}"
17310.0,1,Girona,"{""latitude"":41.7080302,""longitude"":2.8217908}"
17404.0,3,Girona,"{""latitude"":""41.72041"",""longitude"":""2.55078""}"
17411.0,0,Girona,"{""latitude"":41.7592059,""longitude"":2.8008216}"
17412.0,0,Girona,"{""latitude"":""41.74503"",""longitude"":""2.77897""}"
17488.0,5,Girona,"{""latitude"":42.2900102,""longitude"":3.275199}"
17600.0,4,Girona,"{""latitude"":42.2641668,""longitude"":2.9660293}"
17706.0,0,Girona,"{""latitude"":42.31612619,""longitude"":2.92004143}"
18002.0,0,Granada,"{""latitude"":37.1723962,""longitude"":-3.6038256}"
18003.0,0,Granada,"{""latitude"":37.1782117,""longitude"":-3.611176}"
18005.0,1,Granada,"{""latitude"":37.1707799,""longitude"":-3.6033215}"
18006.0,0,Granada,"{""latitude"":37.149895140935804,""longitude"":-3.602731665599721}"
18007.0,0,Granada,"{""latitude"":""37.1527614"",""longitude"":""-3.5983239""}"
18008.0,5,Granada,"{""latitude"":37.15979959655989,""longitude"":-3.5858869090889285}"
18009.0,1,Granada,"{""latitude"":37.1726184,""longitude"":-3.5924971}"
18012.0,3,Granada,"{""latitude"":37.185643,""longitude"":-3.6024524}"
18014.0,-3,Granada,"{""latitude"":37.1984025,""longitude"":-3.6151322}"
18015.0,1,Granada,"{""latitude"":37.1893119,""longitude"":-3.6233204}"
18016.0,0,Granada,"{""latitude"":37.150124716529604,""longitude"":-3.603217328744188}"
18110.0,2,Granada,"{""latitude"":37.1374868,""longitude"":-3.6611556}"
18193.0,3,Granada,"{""latitude"":37.133522347169105,""longitude"":-3.56036108188687}"
18195.0,1,Granada,"{""latitude"":37.1515615,""longitude"":-3.665968}"
18197.0,3,Granada,"{""latitude"":37.2180413,""longitude"":-3.6065959}"
18200.0,0,Granada,"{""latitude"":37.2118522,""longitude"":-3.6359538}"
18220.0,0,Granada,"{""latitude"":37.2323841,""longitude"":-3.6506302}"
18230.0,0,Granada,"{""latitude"":37.2209337,""longitude"":-3.6898351}"
18300.0,0,Granada,"{""latitude"":37.1641648,""longitude"":-4.1399665}"
18360.0,1,Granada,"{""latitude"":37.2005466,""longitude"":-4.0518215}"
18500.0,66,Granada,"{""latitude"":37.2980801,""longitude"":-3.1297426}"
18600.0,-3,Granada,"{""latitude"":36.74862390102393,""longitude"":-3.5187019985113506}"
18620.0,5,Granada,"{""latitude"":37.1046749,""longitude"":-3.6441074}"
18680.0,0,Granada,"{""latitude"":36.74786633349163,""longitude"":-3.612251145382346}"
18690.0,15,Granada,"{""latitude"":36.733987,""longitude"":-3.7041408}"
18800.0,23,Granada,"{""latitude"":37.491346821257366,""longitude"":-2.778891041845746}"
18810.0,0,Granada,"{""latitude"":""37.4843236"",""longitude"":""-2.7154496""}"
18812.0,1,Granada,"{""latitude"":""37.5340286"",""longitude"":""-2.9177404""}"
18817.0,12,Granada,"{""latitude"":37.6073987,""longitude"":-2.7056073}"
18818.0,0,Granada,"{""latitude"":""37.70565"",""longitude"":""-2.6583199""}"
18830.0,0,Granada,"{""latitude"":""37.881792"",""longitude"":""-2.596831""}"
19004.0,0,Guadalajara,"{""latitude"":""40.6371378"",""longitude"":""-3.1617586""}"
19141.0,0,Guadalajara,"{""latitude"":40.485522919372364,""longitude"":-3.0676060728757344}"
19170.0,1,Guadalajara,"{""latitude"":40.7098353,""longitude"":-3.4470584}"
19171.0,0,Guadalajara,"{""latitude"":40.636595980148066,""longitude"":-3.234111745688948}"
19174.0,0,Guadalajara,"{""latitude"":""40.69043077811257"",""longitude"":""-3.3686015361206394""}"
19180.0,-2,Guadalajara,"{""latitude"":40.6684635,""longitude"":-3.1975522}"
19185.0,0,Guadalajara,"{""latitude"":40.7646477,""longitude"":-3.4145208}"
19187.0,0,Guadalajara,"{""latitude"":40.8407809,""longitude"":-3.4619662}"
19188.0,2,Guadalajara,"{""latitude"":40.7923671,""longitude"":-3.4751797}"
19200.0,-2,Guadalajara,"{""latitude"":40.5659808,""longitude"":-3.2644459}"
19208.0,0,Guadalajara,"{""latitude"":""40.5953063857045"",""longitude"":""-3.2435573986727464""}"
19326.0,1,Guadalajara,"{""latitude"":""40.7756225"",""longitude"":""-1.6497107""}"
20001.0,1,Gipuzkoa,"{""latitude"":43.3238875,""longitude"":-1.9726585}"
20002.0,14,Gipuzkoa,"{""latitude"":43.3259047,""longitude"":-1.9729317}"
20010.0,1,Gipuzkoa,"{""latitude"":43.3093491,""longitude"":-1.9812277}"
20012.0,0,Gipuzkoa,"{""latitude"":43.3138063,""longitude"":-1.976379}"
20015.0,1,Gipuzkoa,"{""latitude"":43.3194218,""longitude"":-1.9530723}"
20017.0,3,Donostia,"45.5287281,9.0447337"
20120.0,1,Gipuzkoa,"{""latitude"":43.2775448,""longitude"":-2.0015745}"
20304.0,0,Gipuzkoa,"{""latitude"":43.3404645,""longitude"":-1.7844129}"
20305.0,3,Gipuzkoa,"{""latitude"":43.329285922343125,""longitude"":-1.815933756814968}"
20810.0,0,Gipuzkoa,"{""latitude"":43.27982927012383,""longitude"":-2.126188169430304}"
21001.0,2,Huelva,"{""latitude"":37.25217206,""longitude"":-6.95773736}"
21002.0,2,Huelva,"{""latitude"":""37.2620796"",""longitude"":""-6.9557055""}"
21003.0,2,Huelva,"{""latitude"":""37.2541234"",""longitude"":""-6.9457365""}"
21004.0,-2,Huelva,"{""latitude"":37.2661053,""longitude"":-6.9423133}"
21005.0,2,Huelva,"{""latitude"":37.278088353267556,""longitude"":-6.937719309812953}"
21006.0,0,Huelva,"{""latitude"":37.26095833333333,""longitude"":-6.936855000000001}"
21007.0,3,Huelva,"{""latitude"":37.2548247,""longitude"":-6.9321203}"
21100.0,0,Huelva,"{""latitude"":37.19218166666667,""longitude"":-6.967473333333333}"
21110.0,4,Huelva,"{""latitude"":37.2829203,""longitude"":-7.0099158}"
21120.0,1,Huelva,"{""latitude"":37.2753333,""longitude"":-6.9914104}"
21200.0,0,Huelva,"{""latitude"":37.8933326,""longitude"":-6.5621995}"
21400.0,0,Huelva,"{""latitude"":""37.2116425"",""longitude"":""-7.4045184""}"
21440.0,0,Huelva,"{""latitude"":37.2491742,""longitude"":-7.2031101}"
21449.0,3,Huelva,"{""latitude"":37.2064605,""longitude"":-7.2186042}"
21450.0,3,Huelva,"{""latitude"":37.288148,""longitude"":-7.143375}"
21510.0,7,Huelva,"{""latitude"":37.44648166256347,""longitude"":-7.104485578958717}"
21520.0,0,Huelva,"{""latitude"":37.53756476052187,""longitude"":-7.104683650538246}"
21600.0,9,Huelva,"{""latitude"":37.5753504,""longitude"":-6.7625417}"
21710.0,16,Huelva,"{""latitude"":37.33482633024997,""longitude"":-6.541580517245714}"
21730.0,-2,Huelva,"{""latitude"":37.238034508412184,""longitude"":-6.487136762276574}"
21760.0,1,Huelva,"{""latitude"":37.00900722599,""longitude"":-6.563677892618567}"
21830.0,0,Huelva,"{""latitude"":37.3250082,""longitude"":-6.6796756}"
21880.0,34,Huelva,"{""latitude"":37.4173698,""longitude"":-6.4039234}"
22005.0,4,Huesca,"{""latitude"":42.12679506025829,""longitude"":-0.40481106401095845}"
22006.0,1,Huesca,"{""latitude"":42.1478849,""longitude"":-0.3893009}"
22300.0,1,Huesca,"{""latitude"":42.0320461,""longitude"":0.1330464}"
22400.0,0,Huesca,"{""latitude"":41.914719973042494,""longitude"":0.1876677004701716}"
22600.0,2,Huesca,"{""latitude"":""42.5192817"",""longitude"":""-0.3674694""}"
22660.0,0,Huesca,"{""latitude"":""42.7321798"",""longitude"":""-0.3110604""}"
23001.0,10,Jaén,"{""latitude"":37.7681282,""longitude"":-3.7861387}"
23002.0,2,Jaén,"{""latitude"":37.76205321323279,""longitude"":-3.7954514989473838}"
23003.0,0,Jaén,"{""latitude"":37.768952434705675,""longitude"":-3.7854042895269187}"
23004.0,0,Jaén,"{""latitude"":""37.76196936973398"",""longitude"":""-3.7957235952101565""}"
23007.0,0,Jaén,"{""latitude"":37.7742298,""longitude"":-3.7886779}"
23008.0,3,Jaén,"{""latitude"":37.7742064,""longitude"":-3.7887336}"
23009.0,3,Jaén,"{""latitude"":37.783527,""longitude"":-3.7886236}"
23100.0,0,Jaén,"{""latitude"":37.7839613,""longitude"":-3.6086327}"
23170.0,0,Jaén,"{""latitude"":""37.7622926"",""longitude"":""-3.7176412""}"
23196.0,0,Jaén,"{""latitude"":37.724464458461775,""longitude"":-3.7577931303847856}"
23200.0,1,Jaén,"{""latitude"":38.275386585392596,""longitude"":-3.611064407149335}"
23211.0,1,Jaén,"{""latitude"":38.236615533951394,""longitude"":-3.6123121085336685}"
23240.0,14,Jaén,"{""latitude"":38.18372577823565,""longitude"":-3.3187297091516013}"
23320.0,21,Jaén,"{""latitude"":38.035815533677216,""longitude"":-3.2924196707256184}"
23400.0,1,Jaén,"{""latitude"":38.0148863,""longitude"":-3.3719087}"
23440.0,-2,Jaén,"{""latitude"":37.9960122,""longitude"":-3.4774477}"
23470.0,0,Jaén,"{""latitude"":37.9121544,""longitude"":-3.004977}"
23650.0,1,Jaén,"{""latitude"":37.76487311367441,""longitude"":-3.9543733086507324}"
23680.0,16,Jaén,"{""latitude"":37.4580903,""longitude"":-3.9188003}"
23686.0,1,Jaén,"{""latitude"":37.4233018,""longitude"":-3.8198471}"
23687.0,0,Jaén,"{""latitude"":37.4918571,""longitude"":-3.9178915}"
23689.0,0,Jaén,"{""latitude"":37.442857,""longitude"":-4.0291462}"
23690.0,2,Jaén,"{""latitude"":37.485513,""longitude"":-3.8410916}"
23691.0,1,Jaén,"{""latitude"":""37.4646606"",""longitude"":""-3.8377707""}"
23692.0,2,Jaén,"{""latitude"":37.447446666666664,""longitude"":-3.86834}"
23700.0,15,Jaén,"{""latitude"":38.0948426,""longitude"":-3.6364162}"
23740.0,-1,Jaén,"{""latitude"":38.04088300608671,""longitude"":-4.046181317610448}"
24001.0,-1,León,"{""latitude"":""42.59779833581579"",""longitude"":""-5.57321362763249""}"
24002.0,6,León,"{""latitude"":42.6002892,""longitude"":-5.5715706}"
24003.0,0,León,"{""latitude"":42.59441937284338,""longitude"":-5.5664759263640775}"
24005.0,3,León,"{""latitude"":42.5925755,""longitude"":-5.5670026}"
24007.0,5,León,"{""latitude"":42.61141177437015,""longitude"":-5.56771560840545}"
24195.0,-16,León,"{""latitude"":42.614478103629196,""longitude"":-5.5502830242767836}"
24196.0,-2,León,"{""latitude"":42.642372241710625,""longitude"":-5.603373342198494}"
24210.0,0,León,"{""latitude"":""42.4986925"",""longitude"":""-5.4197085""}"
24300.0,1,León,"{""latitude"":""42.6173951914957"",""longitude"":""-6.417270425184883""}"
24320.0,-2,León,"{""latitude"":42.3714213,""longitude"":-5.0286369}"
24400.0,-1,León,"{""latitude"":""42.5598932"",""longitude"":""-6.6246318""}"
24750.0,0,León,"{""latitude"":42.3028083,""longitude"":-5.9011693}"
25001.0,0,Lleida,"{""latitude"":41.6046834,""longitude"":0.6288851}"
25002.0,1,Lleida,"{""latitude"":""41.6109952"",""longitude"":""0.6191519""}"
25003.0,-1,Lleida,"{""latitude"":""41.6130003"",""longitude"":""0.6152555""}"
25005.0,1,Lleida,"{""latitude"":41.6256781,""longitude"":0.6286079}"
25100.0,0,Lleida,"{""latitude"":41.7258717,""longitude"":0.4436746}"
25200.0,2,Lleida,"{""latitude"":41.6703106,""longitude"":1.2714543}"
25230.0,3,Lleida,"{""latitude"":41.627800428460304,""longitude"":0.8997049326361103}"
25400.0,3,Lleida,"{""latitude"":41.5183189,""longitude"":0.8722581}"
26003.0,1,La Rioja,"{""latitude"":42.4591987,""longitude"":-2.4416573}"
26005.0,2,La Rioja,"{""latitude"":42.4607802,""longitude"":-2.4599881}"
26200.0,1,La Rioja,"{""latitude"":42.569853710756085,""longitude"":-2.8511154507173195}"
26250.0,0,La Rioja,"{""latitude"":42.4383973477171,""longitude"":-2.953376345199583}"
26300.0,2,La Rioja,"{""latitude"":42.418787,""longitude"":-2.7269808}"
26360.0,5,La Rioja,"{""latitude"":42.4637127,""longitude"":-2.5593785}"
26540.0,2,La Rioja,"{""latitude"":""42.17958876744338"",""longitude"":""-1.7489968313639357""}"
26580.0,-2,La Rioja,"{""latitude"":42.2225392,""longitude"":-2.1004592}"
27002.0,0,Lugo,"{""latitude"":43.007888,""longitude"":-7.557868}"
27400.0,-1,Monforte de Lemos,"36.9631229,127.936073"
27518.0,-1,Lugo,"{""latitude"":""42.6101518"",""longitude"":""-7.7694185""}"
27600.0,0,Lugo,"{""latitude"":42.78265756262257,""longitude"":-7.409187033778699}"
27619.0,0,Lugo,"{""latitude"":42.782611709871496,""longitude"":-7.409612895367143}"
27700.0,-2,Lugo,"{""latitude"":43.5343243,""longitude"":-7.0413587}"
27780.0,0,Lugo,"{""latitude"":43.5716134,""longitude"":-7.2519598}"
27800.0,-1,Lugo,"{""latitude"":43.2974165,""longitude"":-7.6799008}"
28002.0,4,Madrid,"{""latitude"":40.4477693,""longitude"":-3.6692301}"
28003.0,2,Madrid,"{""latitude"":40.440668,""longitude"":-3.6981216}"
28004.0,2,Madrid,"{""latitude"":40.4237495,""longitude"":-3.7014548}"
28005.0,7,Madrid,"{""latitude"":40.4107897,""longitude"":-3.710457}"
28007.0,-1,Madrid,"{""latitude"":40.3997734,""longitude"":-3.6715804}"
28009.0,-2,Madrid,"{""latitude"":40.422228774964054,""longitude"":-3.6743065678482796}"
28010.0,2,Madrid,"{""latitude"":40.4312429,""longitude"":-3.7011539}"
28011.0,-3,Madrid,"{""latitude"":""40.41445905144649"",""longitude"":""-3.72724887902436""}"
28015.0,3,Madrid,"{""latitude"":40.4338482,""longitude"":-3.7087674}"
28016.0,2,Madrid,"{""latitude"":40.4589443,""longitude"":-3.6792084}"
28018.0,-1,Madrid,"{""latitude"":40.3837889,""longitude"":-3.6625267}"
28019.0,3,Madrid,"{""latitude"":40.390714199933605,""longitude"":-3.7233094382825707}"
28020.0,4,Madrid,"{""latitude"":40.4534031,""longitude"":-3.6947214}"
28021.0,3,Madrid,"{""latitude"":40.346275858074684,""longitude"":-3.7071310219089635}"
28022.0,1,Madrid,"{""latitude"":40.4275696,""longitude"":-3.6099212}"
28023.0,0,Madrid,"{""latitude"":40.444499,""longitude"":-3.7852145}"
28024.0,-1,Madrid,"{""latitude"":40.3992985,""longitude"":-3.7740633}"
28025.0,0,Madrid,"{""latitude"":""40.37735064956314"",""longitude"":""-3.74058228628598""}"
28026.0,0,Madrid,"36.8143661,127.7862529"
28027.0,12,Madrid,"{""latitude"":40.445456605871556,""longitude"":-3.6343392540165302}"
28028.0,14,Madrid,"{""latitude"":40.4259198,""longitude"":-3.6676768}"
28029.0,11,Madrid,"{""latitude"":40.4743302,""longitude"":-3.706779}"
28030.0,0,Madrid,"{""latitude"":40.405849,""longitude"":-3.6331569}"
28031.0,6,Madrid,"{""latitude"":40.373730859830715,""longitude"":-3.650810763526886}"
28032.0,4,Madrid,"{""latitude"":40.4089195,""longitude"":-3.609958}"
28033.0,0,Madrid,"{""latitude"":40.4697306,""longitude"":-3.6694702}"
28034.0,6,Madrid,"{""latitude"":40.5006359,""longitude"":-3.6921107}"
28035.0,11,Madrid,"{""latitude"":40.4796901,""longitude"":-3.7229284}"
28036.0,1,Madrid,"{""latitude"":40.4500841,""longitude"":-3.6878299}"
28037.0,0,Madrid,"{""latitude"":40.4344801,""longitude"":-3.6183945}"
28038.0,0,Madrid,"{""latitude"":""40.3964926"",""longitude"":""-3.663732""}"
28039.0,0,Madrid,"{""latitude"":40.4576312,""longitude"":-3.7022354}"
28041.0,-2,Madrid,"{""latitude"":40.3658351,""longitude"":-3.7150019}"
28042.0,15,Madrid,"{""latitude"":40.46973456522295,""longitude"":-3.6184316647577344}"
28043.0,17,Madrid,"{""latitude"":40.4682283,""longitude"":-3.6329101}"
28045.0,2,Madrid,"{""latitude"":40.39792,""longitude"":-3.6978722}"
28046.0,0,Madrid,"{""latitude"":40.46995372863134,""longitude"":-3.686515506534164}"
28050.0,2,Madrid,"{""latitude"":40.4933359,""longitude"":-3.6550881}"
28052.0,0,Madrid,"{""latitude"":40.4064576,""longitude"":-3.5619877}"
28053.0,3,Madrid,"{""latitude"":""40.3922984"",""longitude"":""-3.6658621""}"
28054.0,1,Madrid,"{""latitude"":40.3637437,""longitude"":-3.7600391}"
28055.0,2,Madrid,"{""latitude"":40.4908261,""longitude"":-3.6112728}"
28100.0,17,Madrid,"{""latitude"":40.5445129,""longitude"":-3.6429069}"
28108.0,1,Madrid,"{""latitude"":40.5353498,""longitude"":-3.6383756}"
28109.0,1,Madrid,"{""latitude"":40.527597,""longitude"":-3.6209198}"
28110.0,-2,Madrid,"{""latitude"":40.5936243,""longitude"":-3.4992621}"
28119.0,1,Madrid,"{""latitude"":40.61371888,""longitude"":-3.54045249}"
28130.0,-1,Madrid,"{""latitude"":40.6301796,""longitude"":-3.4730229}"
28150.0,0,Madrid,"{""latitude"":40.6982803,""longitude"":-3.5140011}"
28160.0,6,Madrid,"{""latitude"":40.7440876,""longitude"":-3.5105937}"
28180.0,5,Madrid,"{""latitude"":40.829588771928606,""longitude"":-3.537267792829302}"
28189.0,-5,Madrid,"{""latitude"":40.8396521,""longitude"":-3.4979439}"
28210.0,5,Madrid,"{""latitude"":40.5009864,""longitude"":-4.0704504}"
28220.0,6,Madrid,"{""latitude"":40.47261158727421,""longitude"":-3.879178553163031}"
28221.0,-1,Madrid,"{""latitude"":40.4763492,""longitude"":-3.8536244}"
28222.0,1,Madrid,"{""latitude"":40.4545408,""longitude"":-3.8755754}"
28223.0,0,Madrid,"{""latitude"":""40.4051602"",""longitude"":""-3.7967613""}"
28224.0,3,Madrid,"{""latitude"":40.4439994,""longitude"":-3.8075019}"
28229.0,4,Madrid,"{""latitude"":40.48935091612049,""longitude"":-3.9627844208556975}"
28231.0,2,Madrid,"{""latitude"":40.4880041,""longitude"":-3.8750225}"
28232.0,6,Las Rozas de Madrid,"{""latitude"":40.50375,""longitude"":-3.8918191}"
28250.0,7,Madrid,"{""latitude"":40.5763531,""longitude"":-3.9328329}"
28260.0,6,Madrid,"{""latitude"":40.579232,""longitude"":-4.003362}"
28280.0,1,Madrid,"{""latitude"":40.5912679,""longitude"":-4.134582}"
28290.0,3,Madrid,"{""latitude"":40.55147010181293,""longitude"":-3.895504597797525}"
28294.0,0,Madrid,"{""latitude"":40.503052879206564,""longitude"":-4.236671400850761}"
28300.0,4,Madrid,"{""latitude"":40.0353648,""longitude"":-3.5952565}"
28341.0,0,Madrid,"{""latitude"":40.1807593,""longitude"":-3.682583}"
28342.0,5,Madrid,"{""latitude"":40.2018971299195,""longitude"":-3.6901540785828604}"
28350.0,2,Madrid,"{""latitude"":40.1600679,""longitude"":-3.6210017}"
28360.0,1,Madrid,"{""latitude"":40.1048064,""longitude"":-3.4848468}"
28390.0,0,Madrid,"{""latitude"":40.12511597,""longitude"":-3.33260289}"
28400.0,2,Madrid,"{""latitude"":40.6212966,""longitude"":-4.0096544}"
28410.0,-2,Madrid,"{""latitude"":40.72888961,""longitude"":-3.93896218}"
28411.0,3,Madrid,"{""latitude"":40.6745619,""longitude"":-3.9695987}"
28412.0,0,Madrid,"{""latitude"":40.699623713301925,""longitude"":-3.9352823290603594}"
28420.0,2,Madrid,"{""latitude"":40.5958287,""longitude"":-3.9585373}"
28430.0,2,Madrid,"{""latitude"":40.6573093,""longitude"":-4.024071}"
28440.0,0,Madrid,"{""latitude"":40.672801,""longitude"":-4.0904369}"
28460.0,8,Madrid,"{""latitude"":40.7152666,""longitude"":-4.0740233}"
28490.0,-2,Becerril de la Sierra,"{""latitude"":""40.7083259"",""longitude"":""-3.9829996""}"
28492.0,6,Madrid,"{""latitude"":40.7356893,""longitude"":-3.9469382}"
28500.0,8,Madrid,"{""latitude"":40.3023351,""longitude"":-3.4381175}"
28510.0,2,Madrid,"{""latitude"":40.339564530452805,""longitude"":-3.3737333589280625}"
28514.0,8,Madrid,"{""latitude"":40.3553017,""longitude"":-3.2667328}"
28521.0,-4,Madrid,"{""latitude"":""40.3446622"",""longitude"":""-3.5211944""}"
28522.0,0,Madrid,"{""latitude"":40.3560431,""longitude"":-3.5246492}"
28530.0,2,Madrid,"{""latitude"":40.2310786,""longitude"":-3.4363178}"
28600.0,7,Madrid,"{""latitude"":40.2924,""longitude"":-4.0119495}"
28609.0,5,Sevilla la Nueva,"{""latitude"":""40.3490644"",""longitude"":""-4.0306812""}"
28610.0,1,Madrid,"{""latitude"":40.2988234,""longitude"":-4.1095591}"
28660.0,7,Madrid,"{""latitude"":40.404064999999996,""longitude"":-3.876946666666667}"
28669.0,4,Madrid,"{""latitude"":40.4217284,""longitude"":-3.8954423}"
28680.0,0,Madrid,"{""latitude"":40.359326514732594,""longitude"":-4.392146605787082}"
28690.0,0,Madrid,"{""latitude"":40.40135808863286,""longitude"":-3.995119574495075}"
28691.0,0,Madrid,"{""latitude"":40.43917989078108,""longitude"":-4.003058215856034}"
28701.0,-4,Madrid,"{""latitude"":40.5488583,""longitude"":-3.6344291}"
28702.0,6,Madrid,"{""latitude"":40.5642697,""longitude"":-3.6118408}"
28703.0,2,Madrid,"{""latitude"":""40.5451451"",""longitude"":""-3.6105067""}"
28706.0,4,Madrid,"{""latitude"":40.6101162,""longitude"":-3.5829647}"
28709.0,25,Madrid,"{""latitude"":40.5819642,""longitude"":-3.5803623}"
28710.0,0,Madrid,"{""latitude"":""40.7348694"",""longitude"":""-3.5918081""}"
28723.0,1,Madrid,"{""latitude"":40.7436573,""longitude"":-3.6055836}"
28729.0,1,Madrid,"{""latitude"":40.7921867,""longitude"":-3.6013794}"
28730.0,1,Madrid,"{""latitude"":40.9971031,""longitude"":-3.6375203}"
28739.0,1,Madrid,"{""latitude"":40.9350271,""longitude"":-3.7244542}"
28750.0,95,Madrid,"{""latitude"":40.6752089,""longitude"":-3.6223475}"
28760.0,5,Madrid,"{""latitude"":40.6210194,""longitude"":-3.7113596}"
28770.0,2,Madrid,"{""latitude"":40.6516229,""longitude"":-3.7752779}"
28792.0,-2,Madrid,"{""latitude"":40.8121321,""longitude"":-3.7673501}"
28794.0,0,Madrid,"{""latitude"":40.7849622,""longitude"":-3.7015868}"
28804.0,0,Madrid,"{""latitude"":40.4875093,""longitude"":-3.346661}"
28805.0,0,Madrid,"{""latitude"":40.4894207,""longitude"":-3.3574201}"
28806.0,5,Madrid,"{""latitude"":40.4826326,""longitude"":-3.395489}"
28816.0,1,Madrid,"{""latitude"":40.6244687,""longitude"":-3.3452919}"
28821.0,0,Coslada,"40.4248055,-3.5661556"
28822.0,0,Madrid,"{""latitude"":40.4244378,""longitude"":-3.5464951}"
28823.0,0,Madrid,"{""latitude"":40.42784666666667,""longitude"":-3.54446}"
28830.0,1,Madrid,"{""latitude"":40.42612108310913,""longitude"":-3.528922562863047}"
28850.0,24,Madrid,"{""latitude"":40.4577075,""longitude"":-3.446169}"
28860.0,1,Madrid,"{""latitude"":40.4963022,""longitude"":-3.522532}"
28863.0,5,Madrid,"{""latitude"":40.5674591,""longitude"":-3.5026556}"
28891.0,0,Madrid,"{""latitude"":""40.36733599370725"",""longitude"":""-3.4858412657557536""}"
28901.0,0,Madrid,"{""latitude"":40.30477804277518,""longitude"":-3.731577361560906}"
28903.0,10,Madrid,"{""latitude"":40.316004,""longitude"":-3.713035}"
28906.0,-1,Madrid,"{""latitude"":""40.2675222"",""longitude"":""-3.7093074""}"
28911.0,1,Madrid,"{""latitude"":""40.32667233193507"",""longitude"":""-3.77012968457961""}"
28912.0,3,Madrid,"{""latitude"":40.325340157730636,""longitude"":-3.7653094667915803}"
28913.0,2,Madrid,"{""latitude"":40.3329079,""longitude"":-3.7781294}"
28915.0,1,Madrid,"{""latitude"":40.3388441,""longitude"":-3.7521806}"
28916.0,2,Madrid,"{""latitude"":40.3371074,""longitude"":-3.7446488}"
28917.0,3,La Fortuna,"40.3582906,-3.779063"
28918.0,1,Madrid,"{""latitude"":40.3371395,""longitude"":-3.7787425}"
28919.0,1,Madrid,"{""latitude"":40.3428605,""longitude"":-3.7484172}"
28922.0,0,Alcorcón,"{""latitude"":40.3436614,""longitude"":-3.8314256}"
28924.0,3,Madrid,"{""latitude"":40.351719,""longitude"":-3.819913}"
28925.0,1,Madrid,"{""latitude"":40.35129371668048,""longitude"":-3.805229090984412}"
28931.0,0,Madrid,"{""latitude"":""40.32920819260193"",""longitude"":""-3.858574751553455""}"
28932.0,1,Madrid,"{""latitude"":40.33162656586135,""longitude"":-3.8618848238950543}"
28933.0,0,Mostoles,"40.3326019,-3.8679421"
28935.0,0,Madrid,"{""latitude"":40.315778914221795,""longitude"":-3.8755488204989117}"
28938.0,3,Madrid,"{""latitude"":40.31293299550123,""longitude"":-3.866897688126693}"
28939.0,3,Madrid,"{""latitude"":40.2828178,""longitude"":-3.9184187}"
28942.0,0,Madrid,"{""latitude"":40.2938391,""longitude"":-3.825169}"
28943.0,1,Madrid,"{""latitude"":40.28167518,""longitude"":-3.80940754}"
28944.0,2,Madrid,"{""latitude"":40.2839903,""longitude"":-3.7905055}"
28945.0,1,Madrid,"{""latitude"":40.2926426,""longitude"":-3.7875446}"
28970.0,1,Madrid,"{""latitude"":40.250591,""longitude"":-3.8309761}"
28971.0,16,Madrid,"{""latitude"":40.2130978,""longitude"":-3.8520854}"
28976.0,0,Madrid,"{""latitude"":""40.2014846"",""longitude"":""-3.914721""}"
28981.0,4,Madrid,"{""latitude"":40.2349157,""longitude"":-3.7726874}"
28982.0,2,Madrid,"{""latitude"":40.2403741,""longitude"":-3.7681101}"
28983.0,8,Madrid,"{""latitude"":40.2207086,""longitude"":-3.7613758}"
29002.0,9,Málaga,"{""latitude"":36.7144563,""longitude"":-4.4280888}"
29003.0,1,Málaga,"{""latitude"":36.7002654,""longitude"":-4.4494974}"
29004.0,-3,Málaga,"{""latitude"":36.6940612,""longitude"":-4.4429666}"
29007.0,-1,Málaga,"{""latitude"":36.7153156,""longitude"":-4.4575357}"
29010.0,8,Málaga,"{""latitude"":36.716341563131145,""longitude"":-4.462466996743956}"
29013.0,2,Málaga,"{""latitude"":36.7292725,""longitude"":-4.4162799}"
29014.0,2,Málaga,"{""latitude"":36.74999015829741,""longitude"":-4.4186354288888685}"
29016.0,1,Málaga,"{""latitude"":36.7157192,""longitude"":-4.4127989}"
29100.0,6,Coin,"{""latitude"":36.6692761,""longitude"":-4.7415198}"
29110.0,0,Málaga,"{""latitude"":36.6293004,""longitude"":-4.8332904}"
29120.0,2,Málaga,"{""latitude"":36.644543,""longitude"":-4.6852244}"
29140.0,4,Málaga,"{""latitude"":36.659205510134576,""longitude"":-4.506030666145222}"
29200.0,22,Málaga,"{""latitude"":37.0264483,""longitude"":-4.5525918}"
29220.0,0,Málaga,"{""latitude"":37.2401611908367,""longitude"":-4.491197262225454}"
29310.0,5,Málaga,"{""latitude"":37.185840013494754,""longitude"":-4.448903670645095}"
29312.0,4,Málaga,"{""latitude"":37.0006546,""longitude"":-4.365816}"
29320.0,20,Málaga,"{""latitude"":37.04972221,""longitude"":-4.85687955}"
29327.0,2,Málaga,"{""latitude"":36.9775022,""longitude"":-4.8954489}"
29328.0,0,Campillos,"52.8838791,10.1756313"
29330.0,1,Málaga,"{""latitude"":""37.00588345149494"",""longitude"":""-4.96671804532006""}"
29380.0,0,Málaga,"{""latitude"":36.62257194075144,""longitude"":-5.33876063267522}"
29400.0,3,Málaga,"{""latitude"":36.7476683,""longitude"":-5.1599779}"
29510.0,1,Málaga,"{""latitude"":36.8167523,""longitude"":-4.6979246}"
29532.0,1,Málaga,"{""latitude"":37.12254324024388,""longitude"":-4.665165769863419}"
29540.0,0,Málaga,"{""latitude"":37.04034422999998,""longitude"":-4.655178326537166}"
29550.0,2,Málaga,"{""latitude"":36.8822598,""longitude"":-4.8440675}"
29560.0,0,Málaga,"{""latitude"":36.770847,""longitude"":-4.7127456}"
29580.0,1,Málaga,"{""latitude"":36.73622961622938,""longitude"":-4.605263376659201}"
29600.0,0,Málaga,"{""latitude"":""36.5084103"",""longitude"":""-4.9153406""}"
29601.0,10,Málaga,"{""latitude"":36.5172027,""longitude"":-4.8893337}"
29602.0,-3,Málaga,"{""latitude"":36.5100066,""longitude"":-4.8962159}"
29603.0,4,Málaga,"{""latitude"":36.509473,""longitude"":-4.872879}"
29620.0,3,Málaga,"{""latitude"":36.64066531194401,""longitude"":-4.495659751599733}"
29630.0,0,Málaga,"{""latitude"":36.5890102,""longitude"":-4.5342189}"
29631.0,6,Málaga,"{""latitude"":36.5984236,""longitude"":-4.5698496}"
29640.0,0,Málaga,"{""latitude"":36.5439079,""longitude"":-4.6270467}"
29649.0,4,Mijas Costa,"{""latitude"":36.4887825,""longitude"":-4.7298351}"
29650.0,-1,Málaga,"{""latitude"":36.5496881,""longitude"":-4.6764057}"
29651.0,3,Málaga,"{""latitude"":36.5459387,""longitude"":-4.6424825}"
29660.0,0,Málaga,"{""latitude"":""36.49631376481904"",""longitude"":""-4.968305185071352""}"
29670.0,-3,Málaga,"{""latitude"":36.4969023,""longitude"":-4.9943317}"
29678.0,3,Málaga,"{""latitude"":36.4740646,""longitude"":-5.0047336}"
29680.0,9,Málaga,"{""latitude"":36.4174451,""longitude"":-5.1595005}"
29689.0,1,Málaga,"{""latitude"":36.42966,""longitude"":-5.1366383}"
29693.0,0,Málaga,"{""latitude"":36.3938774134827,""longitude"":-5.20219563844958}"
29700.0,1,Málaga,"{""latitude"":36.7780201,""longitude"":-4.1018528}"
29713.0,0,Málaga,"{""latitude"":36.890035407980896,""longitude"":-4.1474537142534125}"
29730.0,0,Málaga,"{""latitude"":""36.71685548208839"",""longitude"":""-4.28259803798376""}"
29740.0,2,Málaga,"{""latitude"":36.7409132,""longitude"":-4.097082}"
29770.0,-1,Málaga,"{""latitude"":36.729584,""longitude"":-3.9645032}"
29780.0,1,Málaga,"{""latitude"":36.7508907653842,""longitude"":-3.8729386180113896}"
29790.0,-6,Málaga,"{""latitude"":36.7157958,""longitude"":-4.1988009}"
29793.0,0,Málaga,"{""latitude"":36.73359368808249,""longitude"":-3.9743597895106144}"
30001.0,-6,Murcia,"{""latitude"":37.9891372,""longitude"":-1.1271921}"
30006.0,0,Murcia,"{""latitude"":37.9960894,""longitude"":-1.1015117}"
30007.0,1,Murcia,"{""latitude"":37.997325,""longitude"":-1.1354519}"
30008.0,5,Murcia,"{""latitude"":37.996065,""longitude"":-1.1328107}"
30010.0,3,Murcia,"{""latitude"":""37.97514779983413"",""longitude"":""-1.145386654511092""}"
30100.0,0,Murcia,"{""latitude"":""38.0363059"",""longitude"":""-1.160421""}"
30107.0,0,Murcia,"{""latitude"":38.0005073,""longitude"":-1.1705047}"
30110.0,0,Murcia,"{""latitude"":""38.0186564"",""longitude"":""-1.1395244""}"
30150.0,1,Murcia,"{""latitude"":37.94049526590117,""longitude"":-1.1404004055728303}"
30161.0,5,Murcia,"{""latitude"":38.0046383,""longitude"":-1.0733639}"
30170.0,3,Murcia,"{""latitude"":38.040868,""longitude"":-1.4920448}"
30201.0,0,Murcia,"{""latitude"":37.6066083,""longitude"":-0.9855712}"
30204.0,12,Murcia,"{""latitude"":37.6149469,""longitude"":-0.9929557}"
30205.0,0,Murcia,"{""latitude"":37.6163651,""longitude"":-0.9935696}"
30310.0,0,Murcia,"{""latitude"":""37.6258258"",""longitude"":""-1.0015065""}"
30353.0,0,Cartagena,"37.6239932,-0.9554746"
30360.0,9,Murcia,"{""latitude"":37.6178631,""longitude"":-0.8766734}"
30392.0,0,Murcia,"{""latitude"":""37.6240167"",""longitude"":""-0.9516749""}"
30394.0,0,Canteras,"{""latitude"":""37.6118135"",""longitude"":""-1.0442342""}"
30400.0,23,Murcia,"{""latitude"":38.1038891,""longitude"":-1.8658455}"
30410.0,0,Murcia,"{""latitude"":38.1062278,""longitude"":-1.8698901}"
30420.0,2,Murcia,"{""latitude"":38.2282346,""longitude"":-1.6995304}"
30500.0,1,Murcia,"{""latitude"":""38.0514083"",""longitude"":""-1.2108257""}"
30507.0,0,Molina de Segura,"59.3421761,27.2322162"
30508.0,0,Murcia,"{""latitude"":38.0245482,""longitude"":-1.1905613}"
30510.0,0,Murcia,"{""latitude"":38.6124318,""longitude"":-1.109265}"
30530.0,8,Murcia,"{""latitude"":38.2383097,""longitude"":-1.4168491}"
30560.0,0,Murcia,"{""latitude"":38.05141696370772,""longitude"":-1.252975155024386}"
30562.0,-1,Murcia,"{""latitude"":""38.0795992"",""longitude"":""-1.2788307""}"
30564.0,2,Murcia,"{""latitude"":38.08203080533827,""longitude"":-1.2557395133266473}"
30600.0,0,Murcia,"{""latitude"":38.1194064,""longitude"":-1.3068156}"
30740.0,0,Murcia,"{""latitude"":""37.8405634"",""longitude"":""-0.788598""}"
30800.0,3,Murcia,"{""latitude"":37.676698,""longitude"":-1.6938419}"
30820.0,0,Alcantarilla,"{""latitude"":""37.9705669"",""longitude"":""-1.2117755""}"
30840.0,1,Murcia,"{""latitude"":37.8512148,""longitude"":-1.4288028}"
30850.0,20,Totana,"{""latitude"":37.7732984,""longitude"":-1.4948351}"
30860.0,3,Murcia,"{""latitude"":37.56335337664406,""longitude"":-1.2615260449453491}"
30868.0,0,Murcia,"{""latitude"":37.5746234,""longitude"":-1.2078451}"
30870.0,0,Murcia,"{""latitude"":37.5952823,""longitude"":-1.3108806}"
30877.0,0,Murcia,"{""latitude"":37.5897322,""longitude"":-1.3037019}"
30880.0,1,Murcia,"{""latitude"":37.403815556806656,""longitude"":-1.5849300070956784}"
30890.0,1,Murcia,"{""latitude"":37.5646042,""longitude"":-1.8040643}"
31006.0,0,Navarra,"{""latitude"":42.8029858,""longitude"":-1.6472248}"
31100.0,1,Navarra,"{""latitude"":42.6736061,""longitude"":-1.8126985}"
31174.0,2,Etxauri,"52.1731975,10.080028"
31190.0,0,Navarra,"{""latitude"":""42.757370061279225"",""longitude"":""-1.7407131018766102""}"
31192.0,1,Navarra,"{""latitude"":42.7966857,""longitude"":-1.6193285}"
31200.0,2,Navarra,"{""latitude"":42.6761456,""longitude"":-2.0360595}"
31390.0,1,Navarra,"{""latitude"":42.4784653,""longitude"":-1.6481004}"
31400.0,27,Navarra,"{""latitude"":42.5740246,""longitude"":-1.2815707}"
31409.0,1,Sanguesa,"36.9229575,127.0638482"
31421.0,0,Navarra,"{""latitude"":""42.7649028"",""longitude"":""-1.4645455""}"
31460.0,0,Navarra,"{""latitude"":""42.5917926"",""longitude"":""-1.3596876""}"
31500.0,4,Navarra,"{""latitude"":42.0594702,""longitude"":-1.6104146}"
31587.0,4,Mendavia,"{""latitude"":""42.443643"",""longitude"":""-2.1970786""}"
31600.0,1,Navarra,"{""latitude"":42.8251183,""longitude"":-1.619057}"
31620.0,-3,Navarra,"{""latitude"":42.8214949,""longitude"":-1.582742}"
31621.0,0,Navarra,"{""latitude"":42.8109453,""longitude"":-1.6007744}"
31695.0,0,Navarra,"{""latitude"":""42.96908080485435"",""longitude"":""-1.416253873468405""}"
31800.0,0,Navarra,"{""latitude"":""42.8959594"",""longitude"":""-2.1630839""}"
31870.0,1,Navarra,"{""latitude"":43.0011678,""longitude"":-1.8894048}"
32004.0,0,Ourense,"42.3433442,-7.8407311"
32005.0,0,Ourense,"{""latitude"":42.3252156,""longitude"":-7.862927}"
32627.0,1,Ourense,"{""latitude"":41.94782617516064,""longitude"":-7.432881561884253}"
33008.0,0,Asturias,"{""latitude"":""43.3541777"",""longitude"":""-5.8428955""}"
33009.0,0,Asturias,"{""latitude"":""43.3623146"",""longitude"":""-5.8411529""}"
33010.0,2,Asturias,"{""latitude"":43.3629689,""longitude"":-5.838424}"
33011.0,0,Asturias,"{""latitude"":43.3699345,""longitude"":-5.8495063}"
33012.0,-1,Oviedo,"{""latitude"":43.3701958,""longitude"":-5.8549732}"
33119.0,0,Asturias,"{""latitude"":43.3438998,""longitude"":-5.973235}"
33202.0,1,Asturias,"{""latitude"":43.5387096,""longitude"":-5.6515686}"
33204.0,0,Gijon,"43.5314926,-5.6491512"
33205.0,0,Asturias,"{""latitude"":43.5375253,""longitude"":-5.6637076}"
33212.0,0,Asturias,"{""latitude"":43.5391777,""longitude"":-5.6929773}"
33213.0,0,Asturias,"{""latitude"":43.5392325,""longitude"":-5.6930094}"
33392.0,1,Asturias,"{""latitude"":43.5105562,""longitude"":-5.6932549}"
33403.0,0,Asturias,"{""latitude"":43.5451354,""longitude"":-5.9094884}"
33405.0,0,Asturias,"{""latitude"":43.57183746811448,""longitude"":-5.961382774797911}"
33500.0,1,Asturias,"{""latitude"":43.4220019,""longitude"":-4.7608064}"
33509.0,1,Asturias,"{""latitude"":43.4235528,""longitude"":-4.7670551}"
33510.0,0,Asturias,"{""latitude"":43.3921616,""longitude"":-5.6522164}"
33592.0,0,Asturias,"{""latitude"":43.4378596,""longitude"":-4.9364407}"
33670.0,0,Asturias,"{""latitude"":43.1704972,""longitude"":-5.7411474}"
33690.0,0,Asturias,"{""latitude"":43.440207232800724,""longitude"":-5.8184527162055915}"
33700.0,3,Asturias,"{""latitude"":43.5410217,""longitude"":-6.5345541}"
33950.0,2,Asturias,"{""latitude"":43.2746519,""longitude"":-5.6024036}"
35015.0,0,Las Palmas,"{""latitude"":""28.0846423"",""longitude"":""-15.4432347""}"
35018.0,-7,Las Palmas,"{""latitude"":28.0759844,""longitude"":-15.4752008}"
35200.0,0,Las Palmas,"{""latitude"":""27.9926132"",""longitude"":""-15.4221244""}"
35213.0,1,Telde,"28.0176602,-15.3970724"
35259.0,0,Las Palmas,"{""latitude"":27.9270213,""longitude"":-15.4247104}"
35339.0,0,Las Palmas,"{""latitude"":28.067287,""longitude"":-15.5469272}"
35413.0,0,Arucas,"28.1412114,-15.5304852"
35415.0,0,Las Palmas,"{""latitude"":""28.140083023125445"",""longitude"":""-15.506836888155597""}"
35509.0,0,Las Palmas,"{""latitude"":28.9562819,""longitude"":-13.5878388}"
36001.0,1,Pontevedra,"{""latitude"":42.4304992,""longitude"":-8.6385539}"
36002.0,0,Pontevedra,"{""latitude"":42.4303615,""longitude"":-8.6378879}"
36003.0,13,Pontevedra,"{""latitude"":42.42541142858189,""longitude"":-8.636957643147518}"
36004.0,0,Pontevedra,"{""latitude"":42.4284236,""longitude"":-8.6274758}"
36140.0,0,Pontevedra,"{""latitude"":42.3920906,""longitude"":-8.6353222}"
36164.0,1,España,"42.4403366,-8.6211483"
36203.0,1,Pontevedra,"{""latitude"":42.226358,""longitude"":-8.722807}"
36205.0,0,Vigo,"51.0574804,9.9469942"
36207.0,0,Pontevedra,"{""latitude"":42.2446247,""longitude"":-8.7041909}"
36210.0,1,Pontevedra,"{""latitude"":42.21406862560979,""longitude"":-8.74177615558937}"
36214.0,0,Pontevedra,"{""latitude"":42.2290933,""longitude"":-8.680314}"
36600.0,-1,Pontevedra,"{""latitude"":""42.59839234527511"",""longitude"":""-8.760691068949248""}"
36613.0,1,Pontevedra,"{""latitude"":""42.59841140611944"",""longitude"":""-8.760611070131336""}"
36627.0,0,Pontevedra,"{""latitude"":42.5471431,""longitude"":-8.8118911}"
36690.0,0,Pontevedra,"{""latitude"":42.3422244,""longitude"":-8.6086949}"
36700.0,1,Pontevedra,"{""latitude"":42.0508076,""longitude"":-8.6495854}"
36713.0,0,Pontevedra,"{""latitude"":42.0539792,""longitude"":-8.6581677}"
36715.0,1,Pontevedra,"{""latitude"":42.0504904,""longitude"":-8.6491489}"
36800.0,0,Pontevedra,"{""latitude"":42.28352,""longitude"":-8.6057142}"
36812.0,0,Pontevedra,"{""latitude"":42.2633121,""longitude"":-8.6153678}"
36915.0,2,Pontevedra,"{""latitude"":42.39346384036476,""longitude"":-8.695547447013611}"
36930.0,0,Pontevedra,"{""latitude"":42.32786724846491,""longitude"":-8.781276099252315}"
36939.0,0,Pontevedra,"{""latitude"":42.32801763146107,""longitude"":-8.78134887228879}"
37003.0,3,Salamanca,"{""latitude"":40.96720858197221,""longitude"":-5.652766969966192}"
37184.0,1,Salamanca,"{""latitude"":""41.0089439"",""longitude"":""-5.6481099""}"
37621.0,-3,Salamanca,"{""latitude"":40.5647591,""longitude"":-6.1265544}"
37700.0,1,Béjar,"{""latitude"":""40.3844233"",""longitude"":""-5.7662274""}"
37760.0,0,Salamanca,"{""latitude"":40.5821652,""longitude"":-5.9044894}"
37770.0,-1,Salamanca,"{""latitude"":40.5573779,""longitude"":-5.6725128}"
38003.0,0,Santa Cruz de Tenerife,"{""latitude"":28.4625367,""longitude"":-16.2533181}"
38005.0,0,Santa Cruz de Tenerife,"{""latitude"":28.4609557,""longitude"":-16.2557079}"
38007.0,0,Santa Cruz de Tenerife,"{""latitude"":28.4665329,""longitude"":-16.2702192}"
38202.0,0,Santa Cruz de Tenerife,"{""latitude"":28.4894001,""longitude"":-16.3235457}"
38203.0,0,Santa Cruz de Tenerife,"{""latitude"":""28.4881929"",""longitude"":""-16.3222706""}"
38290.0,0,Santa Cruz de Tenerife,"{""latitude"":28.4519148,""longitude"":-16.3665928}"
38320.0,0,Santa Cruz de Tenerife,"{""latitude"":28.4705145,""longitude"":-16.2944901}"
38360.0,0,Santa Cruz de Tenerife,"{""latitude"":28.480530070341242,""longitude"":-16.432826890407046}"
38379.0,0,Santa Cruz de Tenerife,"{""latitude"":28.4558329,""longitude"":-16.4515209}"
38410.0,0,Santa Cruz de Tenerife,"{""latitude"":28.3859514,""longitude"":-16.5847414}"
38419.0,0,Santa Cruz de Tenerife,"{""latitude"":28.3848222,""longitude"":-16.5843273}"
38509.0,0,Santa Cruz de Tenerife,"{""latitude"":28.3303558,""longitude"":-16.3678111}"
38550.0,0,Santa Cruz de Tenerife,"{""latitude"":28.3355302,""longitude"":-16.4102224}"
38588.0,0,Santa Cruz de Tenerife,"{""latitude"":28.16807230643157,""longitude"":-16.42760078303331}"
38627.0,0,Santa Cruz de Tenerife,"{""latitude"":28.0673307,""longitude"":-16.6624764}"
38632.0,1,san miguel de abona,"28.0235191,-16.7009481"
38639.0,-1,Santa Cruz de Tenerife,"{""latitude"":28.055334165403274,""longitude"":-16.620459249709587}"
38660.0,0,Santa Cruz de Tenerife,"{""latitude"":28.07881183994933,""longitude"":-16.728008785643286}"
38800.0,2,San Sebastián de La Gomera,"45.117008,5.7181861"
39007.0,2,Cantabria,"{""latitude"":""43.46130984624877"",""longitude"":""-3.824470245537001""}"
39008.0,0,Cantabria,"{""latitude"":43.4609153,""longitude"":-3.8150126}"
39120.0,0,Cantabria,"{""latitude"":43.4625744,""longitude"":-3.9302717}"
39300.0,1,Torrelavega,"46.755739,5.9032139"
39312.0,-3,Cantabria,"{""latitude"":43.3899819677684,""longitude"":-4.027382139640708}"
39400.0,0,Cantabria,"{""latitude"":""43.26136487672795"",""longitude"":""-4.068711892042512""}"
39478.0,0,Boo de Piélagos,"43.4157019,-3.9427962"
39600.0,14,Cantabria,"{""latitude"":43.4199378,""longitude"":-3.8143793}"
39620.0,0,Cantabria,"{""latitude"":43.3265028,""longitude"":-3.8523329}"
39700.0,1,Cantabria,"{""latitude"":43.3694397,""longitude"":-3.2184572}"
40002.0,1,Segovia,"{""latitude"":40.9435331,""longitude"":-4.1193635}"
40006.0,0,Segovia,"{""latitude"":40.9310769,""longitude"":-4.100231}"
40424.0,0,Segovia,"{""latitude"":40.77440341398934,""longitude"":-4.208078003840261}"
41004.0,2,Sevilla,"{""latitude"":37.378091,""longitude"":-5.9813045}"
41005.0,0,Sevilla,"{""latitude"":37.372809,""longitude"":-5.9708003}"
41006.0,5,Sevilla,"{""latitude"":37.3751981,""longitude"":-5.9586265}"
41007.0,0,Sevilla,"{""latitude"":37.3987299,""longitude"":-5.9457598}"
41008.0,4,Sevilla,"{""latitude"":37.4044808,""longitude"":-5.9621677}"
41009.0,-1,Sevilla,"{""latitude"":37.403721479730244,""longitude"":-5.981885413042784}"
41010.0,2,Sevilla,"{""latitude"":37.3850508,""longitude"":-6.0117505}"
41012.0,3,Sevilla,"{""latitude"":37.3469651,""longitude"":-5.9792934}"
41013.0,0,Sevilla,"{""latitude"":""37.353686"",""longitude"":""-5.9773008""}"
41014.0,1,Sevilla,"{""latitude"":37.3292179,""longitude"":-5.9688457}"
41015.0,3,Sevilla,"{""latitude"":37.4304177,""longitude"":-5.9672769}"
41016.0,3,Sevilla,"{""latitude"":37.3855552,""longitude"":-5.9076472}"
41018.0,0,Sevilla,"{""latitude"":37.385219250897485,""longitude"":-5.980906406805815}"
41019.0,5,Sevilla,"{""latitude"":37.4105102,""longitude"":-5.9181023}"
41020.0,1,Sevilla,"{""latitude"":37.4309306,""longitude"":-5.9259941}"
41089.0,5,Sevilla,"{""latitude"":37.3369168,""longitude"":-5.9350039}"
41100.0,10,Sevilla,"{""latitude"":37.2908082,""longitude"":-6.0546159}"
41111.0,17,Sevilla,"{""latitude"":37.3129704,""longitude"":-6.1037383}"
41120.0,0,Sevilla,"{""latitude"":37.339525418752594,""longitude"":-6.03275234273176}"
41200.0,0,Sevilla,"{""latitude"":37.5151307,""longitude"":-5.9810007}"
41210.0,6,Sevilla,"{""latitude"":37.5477342,""longitude"":-6.0550389}"
41230.0,-3,Sevilla,"{""latitude"":37.6753535,""longitude"":-5.9897373}"
41300.0,-2,Sevilla,"{""latitude"":37.4890711,""longitude"":-5.9394455}"
41309.0,1,Sevilla,"{""latitude"":37.420038445469075,""longitude"":-5.837906627535497}"
41310.0,0,Sevilla,"{""latitude"":37.5511729,""longitude"":-5.8697619}"
41320.0,0,Sevilla,"{""latitude"":37.6127641,""longitude"":-5.8265252}"
41400.0,-1,Sevilla,"{""latitude"":37.540947776745355,""longitude"":-5.088721378184986}"
41410.0,18,Sevilla,"{""latitude"":37.475432,""longitude"":-5.6486615}"
41420.0,0,Sevilla,"{""latitude"":37.47879149977201,""longitude"":-5.34017247074544}"
41440.0,1,Sevilla,"{""latitude"":37.6595615,""longitude"":-5.5299247}"
41450.0,0,Constantina,"37.8715731,-5.621061"
41500.0,-4,Sevilla,"{""latitude"":37.3326798,""longitude"":-5.847764}"
41530.0,1,Sevilla,"{""latitude"":37.1242304,""longitude"":-5.4512874}"
41560.0,3,Sevilla,"{""latitude"":37.2915935,""longitude"":-4.8837255}"
41600.0,18,Sevilla,"{""latitude"":37.2602547,""longitude"":-5.5413811}"
41610.0,1,Sevilla,"{""latitude"":37.3427968,""longitude"":-5.5068267}"
41650.0,2,Sevilla,"{""latitude"":37.0681074,""longitude"":-5.0962122}"
41701.0,0,Sevilla,"{""latitude"":37.2866417,""longitude"":-5.9391983}"
41703.0,0,Sevilla,"{""latitude"":""37.3012556"",""longitude"":""-5.9573437""}"
41704.0,3,Sevilla,"{""latitude"":37.2943059,""longitude"":-5.9387919}"
41710.0,14,Sevilla,"{""latitude"":37.1565502,""longitude"":-5.77635077}"
41720.0,1,Sevilla,"{""latitude"":37.1662422,""longitude"":-5.9331253}"
41730.0,1,Sevilla,"{""latitude"":36.98081488636658,""longitude"":-5.938056918045618}"
41740.0,15,Sevilla,"{""latitude"":36.9280561,""longitude"":-6.0857668}"
41800.0,0,Sevilla,"{""latitude"":37.4504037,""longitude"":-6.2264847}"
41807.0,1,Sevilla,"{""latitude"":37.3822336,""longitude"":-6.1304441}"
41808.0,4,Sevilla,"{""latitude"":37.395449,""longitude"":-6.1409638}"
41840.0,-1,Sevilla,"{""latitude"":37.29911243186258,""longitude"":-6.300229554565535}"
41860.0,0,Gerena,"37.5269667,-6.156107"
41880.0,2,Sevilla,"{""latitude"":37.7253671,""longitude"":-6.1767577}"
41900.0,0,Sevilla,"{""latitude"":37.403354,""longitude"":-6.035019}"
41907.0,0,Sevilla,"{""latitude"":""37.4120553"",""longitude"":""-6.0693886""}"
41909.0,5,Sevilla,"{""latitude"":37.4206902,""longitude"":-6.1204181}"
41910.0,0,Sevilla,"{""latitude"":37.380858333333336,""longitude"":-6.039575}"
41920.0,-2,Sevilla,"{""latitude"":37.3583639,""longitude"":-6.0233558}"
41927.0,4,Sevilla,"{""latitude"":37.3369988539422,""longitude"":-6.0376270602718165}"
41928.0,0,Sevilla,"{""latitude"":37.31377504799279,""longitude"":-6.064100282233563}"
41940.0,14,Sevilla,"{""latitude"":37.3767575,""longitude"":-6.0511902}"
41950.0,-1,Sevilla,"{""latitude"":37.39141988746846,""longitude"":-6.061281849711096}"
41980.0,0,Sevilla,"{""latitude"":37.5086644,""longitude"":-6.0228209}"
42001.0,0,Soria,"{""latitude"":41.7702722,""longitude"":-2.4769382}"
42004.0,0,Soria,"{""latitude"":41.7658152,""longitude"":-2.479403}"
42005.0,0,Soria,"{""latitude"":41.7704704,""longitude"":-2.4769555}"
42134.0,1,Soria,"{""latitude"":41.7507173,""longitude"":-2.3729756}"
42190.0,0,Soria,"{""latitude"":41.7761355,""longitude"":-2.5009188}"
42200.0,0,Soria,"{""latitude"":41.5041644,""longitude"":-2.5369715}"
42211.0,0,Soria,"{""latitude"":41.50459214882231,""longitude"":-2.5663371502187435}"
42216.0,0,Soria,"{""latitude"":41.3502245,""longitude"":-2.4734129}"
43002.0,3,Tarragona,"{""latitude"":41.12183187086747,""longitude"":1.251473981857827}"
43007.0,1,Tarragona,"{""latitude"":41.1365618,""longitude"":1.2516828}"
43008.0,0,Tarragona,"{""latitude"":41.1421764,""longitude"":1.3485821}"
43120.0,2,Tarragona,"{""latitude"":41.1535297,""longitude"":1.210565}"
43203.0,-1,Tarragona,"{""latitude"":41.161425392205345,""longitude"":1.1134960285127482}"
43205.0,1,Tarragona,"{""latitude"":41.1452851,""longitude"":1.0994845}"
43470.0,1,Tarragona,"{""latitude"":41.2109852,""longitude"":1.1395654}"
43480.0,2,Tarragona,"{""latitude"":41.11191596593187,""longitude"":1.141554847631607}"
43481.0,1,Tarragona,"{""latitude"":41.07509134625491,""longitude"":1.1767845807686579}"
43500.0,0,Tarragona,"{""latitude"":""40.7836696"",""longitude"":""0.5234775""}"
43530.0,2,Tarragona,"{""latitude"":40.5417487,""longitude"":0.4748937}"
43540.0,17,Tarragona,"{""latitude"":40.6222302,""longitude"":0.5936759}"
43580.0,3,deltebre,"{""latitude"":""40.7186483"",""longitude"":""0.7360365""}"
43700.0,1,Tarragona,"{""latitude"":41.2210242,""longitude"":1.539404}"
43730.0,0,Tarragona,"{""latitude"":41.1432935,""longitude"":0.8184163}"
43800.0,1,Tarragona,"{""latitude"":41.3094342,""longitude"":1.2679462}"
43812.0,4,Tarragona,"{""latitude"":41.2827725,""longitude"":1.3997854}"
43820.0,0,Tarragona,"{""latitude"":41.202553,""longitude"":1.5676616}"
43830.0,3,Tarragona,"{""latitude"":41.14401450033555,""longitude"":1.4008921086959925}"
43839.0,5,Tarragona,"{""latitude"":41.1674607,""longitude"":1.4402009}"
43840.0,1,Tarragona,"{""latitude"":41.0799584,""longitude"":1.1292299}"
43850.0,0,Tarragona,"{""latitude"":41.068393711274084,""longitude"":1.061554266257516}"
43881.0,4,Tarragona,"{""latitude"":41.195231091331244,""longitude"":1.6179431655229928}"
43882.0,0,Tarragona,"{""latitude"":41.1941415,""longitude"":1.5999657}"
43890.0,27,Tarragona,"{""latitude"":40.9950331,""longitude"":0.9208237}"
43893.0,-2,Tarragona,"{""latitude"":41.1406074,""longitude"":1.3733973}"
43895.0,0,Tarragona,"{""latitude"":""40.81288325458727"",""longitude"":""0.7131677925642619""}"
43896.0,-1,Tarragona,"{""latitude"":40.748271340025326,""longitude"":0.6229016452318069}"
44001.0,0,Teruel,"{""latitude"":40.3435634,""longitude"":-1.1107499}"
44002.0,4,Teruel,"{""latitude"":40.3295398,""longitude"":-1.1063435}"
44190.0,0,Teruel,"{""latitude"":""40.3250082"",""longitude"":""-1.0991323""}"
44195.0,1,Teruel,"{""latitude"":40.35409666666667,""longitude"":-1.1476966666666666}"
44200.0,0,Teruel,"{""latitude"":""40.9041175"",""longitude"":""-1.3015865""}"
44580.0,1,Teruel,"{""latitude"":40.8726828,""longitude"":0.1535549}"
44600.0,-2,Teruel,"{""latitude"":41.0500451,""longitude"":-0.1270419}"
45003.0,4,Toledo,"{""latitude"":39.8739792,""longitude"":-4.0288367}"
45004.0,3,Toledo,"{""latitude"":39.8689454,""longitude"":-4.0320374}"
45005.0,2,Toledo,"{""latitude"":""39.8818236"",""longitude"":""-4.0336049""}"
45006.0,1,Toledo,"{""latitude"":39.8616837,""longitude"":-4.0079642}"
45007.0,5,Toledo,"{""latitude"":39.865358,""longitude"":-3.9436573}"
45008.0,-1,Toledo,"{""latitude"":39.881430651033874,""longitude"":-3.970996489394437}"
45100.0,0,Toledo,"{""latitude"":39.6781662,""longitude"":-3.9685528}"
45111.0,10,Cobisa,"{""latitude"":39.8075327,""longitude"":-4.0253487}"
45126.0,7,Toledo,"{""latitude"":39.660315,""longitude"":-4.2128899}"
45183.0,-4,Toledo,"{""latitude"":""40.1564457"",""longitude"":""-4.1117635""}"
45190.0,2,Toledo,"{""latitude"":39.8022619,""longitude"":-3.9485943}"
45200.0,7,Toledo,"{""latitude"":40.12959701112536,""longitude"":-3.8445455026375095}"
45210.0,0,Toledo,"{""latitude"":40.0960823,""longitude"":-3.8681629}"
45214.0,3,Toledo,"{""latitude"":40.114156,""longitude"":-3.9222998}"
45217.0,-3,Toledo,"{""latitude"":""40.1584855"",""longitude"":""-3.8781498""}"
45220.0,0,Toledo,"{""latitude"":40.1195926,""longitude"":-3.808303}"
45221.0,1,Toledo,"{""latitude"":40.1066206,""longitude"":-3.7682653}"
45223.0,0,Toledo,"{""latitude"":40.1341311,""longitude"":-3.6681242}"
45224.0,0,Toledo,"{""latitude"":40.1340693,""longitude"":-3.667901}"
45230.0,-1,Toledo,"{""latitude"":40.076468,""longitude"":-3.8553791}"
45270.0,0,Toledo,"{""latitude"":39.9395413,""longitude"":-3.9170467}"
45300.0,0,Toledo,"{""latitude"":""39.9563763"",""longitude"":""-3.4965948""}"
45400.0,1,Toledo,"{""latitude"":39.6886155,""longitude"":-3.7674674}"
45470.0,0,Toledo,"{""latitude"":39.5770196,""longitude"":-3.8720526}"
45500.0,2,Toledo,"{""latitude"":39.9812058,""longitude"":-4.2839924}"
45593.0,3,Toledo,"{""latitude"":39.9185268,""longitude"":-4.0228042}"
45600.0,25,Toledo,"{""latitude"":39.9661086,""longitude"":-4.826746}"
45611.0,0,Toledo,"{""latitude"":40.04524397,""longitude"":-5.0461706}"
45710.0,35,Madridejos,"{""latitude"":39.4672372,""longitude"":-3.5377879}"
45800.0,0,Toledo,"{""latitude"":39.5873224,""longitude"":-3.0346191}"
45860.0,1,Toledo,"{""latitude"":39.6139797,""longitude"":-3.3450311}"
45880.0,1,Toledo,"{""latitude"":39.7551657,""longitude"":-3.1650869}"
45910.0,0,Toledo,"{""latitude"":""40.1656057"",""longitude"":""-4.4046874""}"
45930.0,1,Toledo,"{""latitude"":40.2383496,""longitude"":-4.1935664}"
46003.0,-1,Valencia,"{""latitude"":39.47209921225695,""longitude"":-0.37197253637242356}"
46004.0,0,Valencia,"{""latitude"":39.4537183,""longitude"":-0.3752131}"
46005.0,-5,Valencia,"{""latitude"":39.4612172,""longitude"":-0.3689354}"
46006.0,-1,Valencia,"{""latitude"":39.4537559,""longitude"":-0.3752178}"
46007.0,-3,Valencia,"{""latitude"":39.4610114,""longitude"":-0.3841975}"
46008.0,8,Valencia,"{""latitude"":39.4700587,""longitude"":-0.388381}"
46009.0,0,Valencia,"{""latitude"":""39.4903381"",""longitude"":""-0.381136""}"
46010.0,1,Valencia,"{""latitude"":39.4858841,""longitude"":-0.3664763}"
46013.0,0,Valencia,"{""latitude"":39.4550836,""longitude"":-0.3596097}"
46014.0,0,Valencia,"{""latitude"":39.4621974,""longitude"":-0.3981458}"
46016.0,-3,Valencia,"{""latitude"":39.515505890953214,""longitude"":-0.38832217308218725}"
46017.0,-3,Valencia,"{""latitude"":39.45015893431958,""longitude"":-0.3925673712202946}"
46018.0,0,Valencia,"59.1634422,26.1819233"
46019.0,2,Valencia,"{""latitude"":39.494054,""longitude"":-0.3679659}"
46020.0,0,Valencia,"{""latitude"":39.482466,""longitude"":-0.3564076}"
46021.0,0,Valencia,"{""latitude"":39.46967092647326,""longitude"":-0.35193470868568366}"
46022.0,1,Valencia,"{""latitude"":39.4700881,""longitude"":-0.340391}"
46024.0,0,Valencia,"{""latitude"":""39.4531437"",""longitude"":""-0.3391716""}"
46025.0,0,Valencia,"{""latitude"":""39.4973036"",""longitude"":""-0.3816935""}"
46035.0,-1,Valencia,"{""latitude"":39.48706760274307,""longitude"":-0.3932777406981998}"
46100.0,1,Valencia,"{""latitude"":39.500921,""longitude"":-0.4047548}"
46117.0,0,Valencia,"{""latitude"":""39.54813"",""longitude"":""-0.44983""}"
46119.0,2,Valencia,"{""latitude"":""39.6007233"",""longitude"":""-0.3802271""}"
46120.0,0,Valencia,"{""latitude"":39.49747388678629,""longitude"":-0.35294621891227707}"
46130.0,0,Valencia,"{""latitude"":39.5747393,""longitude"":-0.3289211}"
46132.0,0,Valencia,"{""latitude"":39.5145511,""longitude"":-0.3617408}"
46133.0,-1,Valencia,"{""latitude"":39.529548524327986,""longitude"":-0.35055671611217015}"
46134.0,-10,Valencia,"{""latitude"":39.5385239,""longitude"":-0.3487306}"
46135.0,-4,Valencia,"{""latitude"":39.55366765923585,""longitude"":-0.30244319963075933}"
46136.0,0,Valencia,"{""latitude"":39.55502980881572,""longitude"":-0.3392045716694486}"
46160.0,-6,Valencia,"{""latitude"":39.6312421,""longitude"":-0.5940476}"
46180.0,0,Valencia,"{""latitude"":39.6013792,""longitude"":-0.5806055}"
46183.0,2,Valencia,"{""latitude"":39.5659075,""longitude"":-0.5280639}"
46184.0,0,Valencia,"{""latitude"":39.5600968,""longitude"":-0.4996209}"
46185.0,-1,Valencia,"{""latitude"":39.57919636484431,""longitude"":-0.5332973912670513}"
46191.0,0,Valencia,"{""latitude"":""39.5722023"",""longitude"":""-0.627492""}"
46192.0,1,Valencia,"{""latitude"":39.3562116,""longitude"":-0.6005579}"
46200.0,1,Valencia,"{""latitude"":39.4280957,""longitude"":-0.4144932}"
46220.0,0,Valencia,"{""latitude"":39.3664052,""longitude"":-0.4627986}"
46230.0,0,Valencia,"{""latitude"":""39.2668936"",""longitude"":""-0.485865""}"
46240.0,5,Valencia,"{""latitude"":39.22220715856733,""longitude"":-0.5197544557454343}"
46250.0,12,Valencia,"{""latitude"":39.1921183,""longitude"":-0.5080647}"
46260.0,11,Alberique,"44.3896595,1.7417547"
46290.0,0,Valencia,"{""latitude"":""39.3708983"",""longitude"":""-0.4411938""}"
46360.0,5,Buñol,"{""latitude"":39.42353422880218,""longitude"":-0.7904363616881402}"
46370.0,0,Valencia,"{""latitude"":39.4515133,""longitude"":-0.6046832}"
46380.0,1,Valencia,"{""latitude"":39.4928753,""longitude"":-0.6815174}"
46389.0,1,Valencia,"{""latitude"":39.4005172,""longitude"":-0.594157}"
46410.0,0,Valencia,"{""latitude"":39.2008802,""longitude"":-0.3081474}"
46420.0,5,Valencia,"{""latitude"":39.2754582,""longitude"":-0.2758592}"
46430.0,-3,Valencia,"{""latitude"":39.276371102777674,""longitude"":-0.384172449178279}"
46450.0,0,Valencia,"{""latitude"":39.2847949,""longitude"":-0.420459}"
46460.0,0,Valencia,"{""latitude"":""39.3663484"",""longitude"":""-0.408774""}"
46470.0,6,Valencia,"{""latitude"":39.4127275,""longitude"":-0.3867926}"
46520.0,-5,Valencia,"{""latitude"":39.6646777,""longitude"":-0.2146518}"
46529.0,-5,Valencia,"{""latitude"":39.6797528,""longitude"":-0.2176745}"
46530.0,2,Valencia,"{""latitude"":39.6203063,""longitude"":-0.2956138}"
46595.0,0,Valencia,"{""latitude"":""39.7303301"",""longitude"":""-0.3992516""}"
46600.0,-6,Valencia,"{""latitude"":39.1519856,""longitude"":-0.430744}"
46630.0,3,Valencia,"{""latitude"":38.8045215,""longitude"":-0.8796467}"
46640.0,4,Valencia,"{""latitude"":38.8740108,""longitude"":-0.7552415}"
46650.0,1,Valencia,"{""latitude"":38.9647335,""longitude"":-0.582661}"
46689.0,0,Valencia,"{""latitude"":39.1858061,""longitude"":-0.3868827}"
46690.0,0,Valencia,"{""latitude"":38.970627797512606,""longitude"":-0.5939012707160208}"
46701.0,0,Valencia,"{""latitude"":38.9742709,""longitude"":-0.1836542}"
46702.0,0,Valencia,"{""latitude"":38.9567023,""longitude"":-0.1749578}"
46710.0,2,Valencia,"{""latitude"":38.97049960235277,""longitude"":-0.1538942571789056}"
46715.0,2,Valencia,"{""latitude"":38.9360915,""longitude"":-0.1587468}"
46720.0,1,Valencia,"{""latitude"":""38.883536"",""longitude"":""-0.2181096""}"
46722.0,0,Valencia,"{""latitude"":38.9316778,""longitude"":-0.1858059}"
46727.0,0,Valencia,"{""latitude"":38.9477647,""longitude"":-0.1944253}"
46730.0,0,Valencia,"{""latitude"":38.9975045,""longitude"":-0.1624843}"
46760.0,-1,Valencia,"{""latitude"":39.069004,""longitude"":-0.265275}"
46770.0,0,Valencia,"{""latitude"":39.0362322,""longitude"":-0.2152844}"
46780.0,0,Valencia,"{""latitude"":""38.9284517"",""longitude"":""-0.1421832""}"
46800.0,17,Valencia,"{""latitude"":38.98874354246335,""longitude"":-0.525588947542972}"
46850.0,11,Valencia,"{""latitude"":38.91645241457983,""longitude"":-0.5549818588599849}"
46870.0,4,Valencia,"{""latitude"":38.823776,""longitude"":-0.5994155}"
46900.0,2,Valencia,"{""latitude"":39.4378262,""longitude"":-0.4680989}"
46901.0,4,Valencia,"{""latitude"":39.4204624,""longitude"":-0.4870754}"
46910.0,-6,Valencia,"{""latitude"":39.412793,""longitude"":-0.3868746}"
46920.0,0,Mislata,"{""latitude"":39.4741039847401,""longitude"":-0.4209922203570194}"
46940.0,7,Valencia,"{""latitude"":39.4971038,""longitude"":-0.4680692}"
46950.0,0,Valencia,"{""latitude"":39.462996,""longitude"":-0.4323055}"
46960.0,0,Valencia,"{""latitude"":39.47342019962602,""longitude"":-0.48522415056583046}"
46970.0,1,Valencia,"{""latitude"":39.457038414102264,""longitude"":-0.4539507543415142}"
46980.0,-6,Valencia,"{""latitude"":39.5293744,""longitude"":-0.4409163}"
46988.0,1,Valencia,"{""latitude"":39.5090628,""longitude"":-0.4596256}"
47004.0,4,Valladolid,"{""latitude"":""41.6467065"",""longitude"":""-4.7253122""}"
47007.0,0,Valladolid,"41.638955,-4.7343705"
47008.0,-1,Valladolid,"{""latitude"":41.6229574,""longitude"":-4.7415258}"
47013.0,0,Valladolid,"{""latitude"":""41.6355529"",""longitude"":""-4.7189916""}"
47014.0,0,Valladolid,"{""latitude"":41.6422254,""longitude"":-4.7605941}"
47100.0,-1,Valladolid,"{""latitude"":41.50791931152342,""longitude"":-5.001449584960936}"
47420.0,-3,Valladolid,"{""latitude"":41.3600255,""longitude"":-4.5381588}"
48003.0,1,Vizcaya,"{""latitude"":43.2417074,""longitude"":-2.9240872}"
48005.0,2,Vizcaya,"{""latitude"":43.2574902,""longitude"":-2.9254228}"
48006.0,0,Vizcaya,"{""latitude"":43.2559941,""longitude"":-2.9130233}"
48007.0,5,Vizcaya,"{""latitude"":43.2636167,""longitude"":-2.9168358}"
48008.0,0,Vizcaya,"{""latitude"":43.2586847,""longitude"":-2.9324477}"
48013.0,1,Vizcaya,"{""latitude"":43.2626087,""longitude"":-2.9467133}"
48014.0,0,Vizcaya,"{""latitude"":43.2696195,""longitude"":-2.9502578}"
48015.0,7,Vizcaya,"{""latitude"":43.2741632,""longitude"":-2.9037091}"
48100.0,7,Vizcaya,"{""latitude"":43.3528861,""longitude"":-2.839886}"
48130.0,0,Vizcaya,"{""latitude"":43.4280678,""longitude"":-2.8074763}"
48220.0,0,Vizcaya,"{""latitude"":43.16802377663475,""longitude"":-2.6154172186751805}"
48480.0,0,Bizkaia,"{""latitude"":""43.2068283"",""longitude"":""-2.8878101""}"
48600.0,1,Vizcaya,"{""latitude"":43.3811285,""longitude"":-2.9779961}"
48610.0,0,Bizkaia,"{""latitude"":""43.3775426"",""longitude"":""-2.9568545""}"
48903.0,0,Vizcaya,"{""latitude"":43.2926864,""longitude"":-3.0068899}"
48920.0,1,Vizcaya,"{""latitude"":43.3195858,""longitude"":-3.0142874}"
48940.0,-3,Vizcaya,"{""latitude"":43.3199512,""longitude"":-2.9886097}"
48950.0,1,Vizcaya,"{""latitude"":43.306547590530265,""longitude"":-2.9767488303206364}"
48960.0,1,Bizkaia,"{""latitude"":""43.2301323"",""longitude"":""-2.8474038""}"
48991.0,5,Vizcaya,"{""latitude"":43.3509302,""longitude"":-3.0119441}"
49005.0,1,Zamora,"{""latitude"":41.5058067,""longitude"":-5.7482855}"
49006.0,1,Zamora,"{""latitude"":41.5058476,""longitude"":-5.7482325}"
49300.0,4,Zamora,"{""latitude"":42.054961886126485,""longitude"":-6.630600028191641}"
49600.0,-1,Zamora,"{""latitude"":""42.0012649"",""longitude"":""-5.6748003""}"
49800.0,8,Zamora,"{""latitude"":41.52212,""longitude"":-5.3890087}"
49882.0,-1,Zamora,"{""latitude"":41.480496666666674,""longitude"":-5.432223333333334}"
50002.0,2,Zaragoza,"{""latitude"":41.6510392,""longitude"":-0.8743361}"
50003.0,-3,Zaragoza,"{""latitude"":41.6618324,""longitude"":-0.9016607}"
50005.0,0,Zaragoza,"{""latitude"":41.6484937,""longitude"":-0.8960619}"
50006.0,2,Zaragoza,"{""latitude"":41.644868333333335,""longitude"":-0.8882216666666667}"
50007.0,1,Zaragoza,"{""latitude"":""41.6380725"",""longitude"":""-0.8841229""}"
50009.0,-1,Zaragoza,"{""latitude"":41.6458861,""longitude"":-0.9087903}"
50010.0,21,Zaragoza,"{""latitude"":41.649524522642416,""longitude"":-0.8977267859303034}"
50011.0,0,Zaragoza,"{""latitude"":""41.6590771"",""longitude"":""-0.9383507""}"
50012.0,-2,Zaragoza,"{""latitude"":41.6480878,""longitude"":-0.9180293}"
50014.0,5,Zaragoza,"{""latitude"":""41.6600507"",""longitude"":""-0.8627885""}"
50015.0,-2,Zaragoza,"{""latitude"":41.6621356,""longitude"":-0.8745579}"
50016.0,0,Zaragoza,"{""latitude"":""41.6694195"",""longitude"":""-0.8388443""}"
50017.0,-1,Zaragoza,"{""latitude"":41.654139,""longitude"":-0.9112988}"
50018.0,4,Zaragoza,"{""latitude"":41.6719788,""longitude"":-0.8927277}"
50019.0,0,Zaragoza,"{""latitude"":41.620208,""longitude"":-0.9187188}"
50021.0,3,Zaragoza,"{""latitude"":41.61693842427755,""longitude"":-0.874652941751592}"
50100.0,-3,Zaragoza,"{""latitude"":41.4769278,""longitude"":-1.3784338}"
50130.0,13,Zaragoza,"{""latitude"":41.3056543,""longitude"":-0.7540073}"
50172.0,4,Zaragoza,"{""latitude"":41.61214366,""longitude"":-0.70190713}"
50180.0,10,Zaragoza,"{""latitude"":41.7045568,""longitude"":-0.9981238}"
50194.0,0,Zaragoza,"{""latitude"":41.652762480466414,""longitude"":-0.8008398473114581}"
50300.0,2,Zaragoza,"{""latitude"":41.349982063573385,""longitude"":-1.642717388059689}"
50410.0,9,Zaragoza,"{""latitude"":41.6018514,""longitude"":-0.9353101}"
50540.0,0,Borja,"{""latitude"":""41.8334005"",""longitude"":""-1.5320467""}"
50620.0,2,Zaragoza,"{""latitude"":41.7181123,""longitude"":-1.029633}"
50630.0,-1,Zaragoza,"{""latitude"":41.7688507,""longitude"":-1.1188741}"
50692.0,0,Zaragoza,"{""latitude"":41.74308111,""longitude"":-1.08003247}"
50720.0,-2,Zaragoza,"{""latitude"":41.5760413,""longitude"":-0.8342275}"
50781.0,0,Zaragoza,"{""latitude"":41.33486890619708,""longitude"":-0.3579734551178084}"
50800.0,1,Zaragoza,"{""latitude"":41.8678597,""longitude"":-0.785496}"
50830.0,10,Zaragoza,"{""latitude"":41.76842247208633,""longitude"":-0.8250659536446416}"
52005.0,2,Melilla,"{""latitude"":35.289443,""longitude"":-2.947836}"
52006.0,2,Melilla,"{""latitude"":35.2741645,""longitude"":-2.9378437}"
